158721_AJTA01000049	25203	26639	ala|gly	k1
169431_KE150449	1555709	1557106	ala	k2
169453_JH930438	1898260	1899648	val	k3
169453_JH930438	1912679	1914112	ser	k3
169453_JH930438	1915580	1917019	ala	k3
169453_JH930438	1922056	1923459	gly	k3
169453_JH930438	1925203	1926495	cys	k3
169453_JH930438	1932188	1933576	asn	k3
169453_JH930438	1978904	1980103	cys	k4
169453_JH930438	3879866	3881335	ser	k5
169454_JH930419	1244833	1246302	ser	k6
169455_JH930422	2086686	2088074	val	k7
169455_JH930422	2101105	2102538	ser	k7
169455_JH930422	2104006	2105445	ala	k7
169455_JH930422	2110482	2111885	gly	k7
169455_JH930422	2113629	2114921	cys	k7
169455_JH930422	2120614	2122002	asn	k7
169455_JH930422	2167549	2168748	cys	k8
169455_JH930422	4068324	4069793	ser	k9
169456_JH930428	786276	787745	ser	k10
169458_KE150457	1793451	1794833	ala	k11
169459_KE340302	841652	843166	ala	k12
169460_KE340299	1148460	1149854	ala	k13
169467_JH815533	3113874	3115079	cys	k14
169485_KE150467	44618	46045	ala|gly	k15
169487_KE150468	79030	80421	ala	k16
169487_KE150468	138683	140113	ser	k17
169487_KE150468	1026407	1027882	ala	k18
169487_KE150472	61524	63062	lys	k19
169487_KE150472	1220961	1222463	asn	k20
169487_KE150472	2746257	2747846	val	k21
169487_KE150472	2750450	2751934	ser	k21
169487_KE150472	2757358	2758851	thr	k21
169487_KE150475	107525	108970	ala	k22
169487_KE150475	122541	123713	cys	k22
169487_KE150475	141972	143324	thr	k23
169487_KE150475	145098	146480	cys	k23
169488_KE150480	1695870	1697348	dhb|sal	k24
169489_KE332518	2267850	2269316	hpg|hpg2cl	k25
169492_KE332515	1247904	1249382	ala	k26
170040_NZ_AJZR01000049	71371	72840	dhb|sal	k27
170346_KE150486	398906	400441	ala	k28
170347_KE150491	249779	251248	dhb|sal	k29
170349_KE340297	746688	747233	thr	k30
170349_KE340297	758876	760297	ala	k30
170349_KE340297	1949229	1950641	d-cys	k31
170349_KE340297	1956407	1957729	cys	k31
170349_KE340297	1960502	1961797	cys	k31
170350_KB905466	1759696	1761174	ala	k32
170350_KB905466	2727214	2728737	dhb|sal	k33
170352_KB905472	999313	1000842	dhb|sal	k34
170352_KB905472	2911793	2913271	ala	k35
170352_KB905473	245991	247502	ala	k36
18057_AP009240	700789	702237	ser	k37
18155_AAXA02000005	46597	48033	ala	k38
18157_DS264384	34193	35629	dhb|sal	k39
18159_DS264271	226479	227945	ala	k40
18159_DS264283	84784	86217	dhb|sal	k41
18161_DS996351	235294	236574	cys	k42
18161_DS996351	246230	247636	cys	k42
18161_DS996351	256001	257215	cys	k42
18163_AAVM02000008	128180	129658	ala	k43
18165_DS480679	136062	137459	d-cys	k44
18165_DS480679	141511	142914	cys	k44
18165_DS480679	144634	145962	cys	k44
18165_DS480679	154369	155535	cys	k44
18165_DS480717	431	1858	ile	k45
18169_DS483518	157360	158805	ala	k46
18173_AAXG02000055	30820	32262	dhb|sal	k47
18175_DS499687	44454	45893	ile	k48
18175_DS499699	31798	33189	ala	k49
18175_DS499699	34879	36258	ala	k49
18177_ACEP01000029	55362	56603	cys	k50
18177_ACEP01000029	62128	63549	d-cys	k50
18177_ACEP01000091	3829	5346	ala	k51
18181_GG704769	2166571	2167989	ala	k52
18187_DS483526	53297	54838	ala	k53
18193_DS264527	27392	28906	ala	k54
18195_DS362248	301220	302650	ala	k55
18203_DS483502	40974	42374	ala	k56
18211_DS480320	39718	41148	dhb|sal	k57
18211_DS480323	123935	125401	ala	k58
18213_DS499735	150783	152027	d-cys	k59
18213_DS499735	153907	155352	cys	k59
18213_DS499735	157092	158534	dhb|sal	k59
18921_DS499516	15333	16793	ala	k60
18923_DS480349	105745	107154	ala	k61
18923_DS480349	108853	110253	ala	k61
18979_AP008937	79196	80617	ala	k62
19011_AP007281	288534	289952	ala	k63
19053_AP009378	589143	590615	ser	k64
19053_AP009378	1941918	1943117	cys	k65
19659_DS544183	253038	254510	ala	k66
197004_ATFK01000005	88935	90359	phe	k67
197004_ATFK01000005	93868	95292	ser	k67
197004_ATFK01000006	75948	77375	ala|gly	k68
19859_DS499669	62925	64403	ala	k69
19921_GG697985	380451	381842	ala|gly	k70
19921_GG697986	436235	437686	ala	k71
19921_GG697986	708963	710375	ile	k72
19921_GG697986	712038	713498	trp	k72
19921_GG697986	775997	777370	ala	k73
19923_ACCK01000328	5	586	ala	k74
20523_ABJL02000007	933225	934748	dhb|sal	k75
20527_DS572678	10948	12375	ala|gly	k76
20549_DS981517	319396	320418	ala	k77
20549_DS981517	510632	512086	ala	k78
20549_DS981517	1135375	1136772	ala	k79
21051_ACCL02000012	21155	22555	ala	k80
220577_NZ_AVQI01000084	159166	160650	ala	k81
220930_NZ_AWET01000020	14450	15760	ala	k82
220932_NZ_AWEY01000007	161916	163403	ala	k83
220932_NZ_AWEY01000032	65261	66661	ala	k84
221192_NZ_AWEZ01000006	20297	21769	ala	k85
221259_NZ_AWPI01000109	220489	221913	ala	k86
221260_NZ_AWPJ01000177	13732	15177	ala|gly	k87
221594_NZ_ACVN02000035	25640	27022	ala	k88
221594_NZ_ACVN02000087	2272	3618	cys	k89
221594_NZ_ACVN02000123	4681	5814	cys	k90
221594_NZ_ACVN02000123	7549	8916	cys	k90
221594_NZ_ACVN02000145	15261	16493	d-cys	k91
221594_NZ_ACVN02000145	23233	24405	cys	k91
221594_NZ_ACVN02000145	27445	28926	cys	k91
221594_NZ_ACVN02000330	11975	12901	cys	k92
221610_NZ_AWGW01000025	105852	107246	ala	k93
27821_DS996911	15520	16998	ala	k94
27821_DS996911	319031	320545	dhb|sal	k95
27821_DS996913	157946	159331	ala	k96
27825_DS996921	1612774	1614231	ala	k97
27827_DS995511	879747	881225	ala	k98
27831_DS995532	139726	141204	ala	k99
28653_GG697143	114785	116200	dhb|sal	k100
28659_DS995606	25207	26622	ala	k101
28659_DS995606	29599	30966	thr	k101
28659_DS995606	34946	36286	cys	k101
28659_DS995606	39296	40723	thr	k101
28663_GG704864	335922	337391	ser	k102
28665_GG730299	1450737	1452173	dhb|sal	k103
28665_GG730299	2251300	2252745	dhb|sal	k104
28665_GG730299	2277578	2279089	ser	k105
28999_GG663519	81943	83376	ala	k106
29299_GG705265	158845	160290	ala	k107
29303_GG704759	25409	26794	ala	k108
29303_GG704759	1404700	1406214	dhb|sal	k109
29303_GG704759	1701543	1703021	ala	k110
29307_GG692710	824793	826277	ala	k111
30007_DS996456	372983	374497	ala	k112
30023_JH414449	2655	4118	ala	k113
30023_JH414480	25286	26755	dhb|sal	k114
30023_JH414486	84134	85573	dhb|sal	k115
30023_JH414493	27319	28866	d-cys	k116
30023_JH414493	31566	32441	cys	k116
30025_GG703858	72613	74046	ala	k117
30027_EQ973490	70917	72395	ala	k118
30027_EQ973490	1761719	1763242	dhb|sal	k119
30027_EQ973495	42609	44021	ala	k120
30067_DS990262	446749	448176	ile	k121
30067_DS990262	605786	607156	ala	k122
30067_DS990264	118904	120310	dhb|sal	k123
30067_DS990266	2269	3513	d-cys	k124
30067_DS990266	5393	6838	cys	k124
30067_DS990266	8578	10020	dhb|sal	k124
30071_DS990369	181150	182565	ala	k125
30075_DS990441	127893	128936	ala	k126
30361_GG657556	208915	210249	ala	k127
30361_GG657556	211930	212373	ala	k127
30371_EQ973649	1924	3402	ala	k128
30469_ACDY02000016	8249	9712	ala	k129
30473_ACEN01000094	12358	13809	ala	k130
30475_ACEQ02000009	43512	44984	ala	k131
30477_ACDX02000001	47739	49193	ala	k132
30479_ADBE01000055	8969	10441	ala	k133
30481_ACKO02000007	110260	111714	ala	k134
30483_ACEO02000001	283816	285162	ala	k135
30483_ACEO02000012	88590	90041	ala	k136
30487_ACDZ02000014	177785	179209	ala	k137
30489_GG698598	405929	407341	dhb|sal	k138
30493_EQ973317	680950	682389	ala	k139
30623_GG668923	74669	76093	ala	k140
30627_CP003583	755228	756643	ala	k141
30641_GG669820	35777	37192	ala	k142
30643_CP002844	1443829	1445247	ala	k143
30645_GL397173	2020731	2022158	ala|gly	k144
30753_KE161030	729228	730559	pro	k145
30771_EQ973328	371502	372908	ser	k146
30771_EQ973328	744623	745969	thr	k147
30771_EQ973328	748621	749955	ala	k147
30949_GG665952	30870	32390	dhb|sal	k148
30949_GG665958	81128	82555	thr	k149
30951_GG666061	6220	7452	cys	k150
30953_GL379781	514174	515625	ala	k151
30953_GL379781	601193	602671	dhb|sal	k152
30953_GL379781	963626	965062	ala	k153
30953_GL379783	276688	278115	ala	k154
30955_GL542878	206786	208246	orn	k155
30955_GL542879	32329	33738	ala	k156
30997_ABZV01000005	165675	167144	ala	k157
31007_ABZU01000002	303768	305339	ala	k158
31007_ABZU01000003	88125	89552	ala	k159
31007_ABZU01000006	96658	98052	cys	k160
31009_ACVP01000037	43876	45285	ala	k161
31011_ACSH02000002	330117	331523	ser	k162
31013_ACFR01000001	9159	10613	ala	k163
31013_ACFR01000002	93435	94826	ala|gly	k164
31013_ACFR01000006	36009	37460	val	k165
31013_ACFR01000006	39081	40505	bmt	k165
31017_ACFU01000014	42995	44458	ala	k166
31017_ACFU01000058	568	1959	ala	k167
31019_ACVQ01000028	48507	49958	ala	k168
31203_GL531761	1864281	1865714	ala	k169
31205_GL545251	724830	726122	ala	k170
31205_GL545251	1187127	1188527	ala	k171
31335_ACYI01000043	19806	21335	dhb|sal	k172
31335_ACYI01000068	39731	40786	ala	k173
31383_CP002122	1508665	1510161	ala	k174
31387_ACLQ01000034	25917	27398	dhb|sal	k175
31405_ACVO01000001	35720	37264	ser	k176
31415_ACOX02000002	178504	179928	ala	k177
31433_GG666309	22187	23431	cys	k178
31433_GG666311	7408	8643	cys	k179
31435_ACGK02000001	461876	463360	ala	k180
31439_GG770746	272460	273926	ala	k181
31439_GG770750	153692	155104	ala	k182
31441_GG770711	576629	578095	ala	k183
31441_GG770713	370939	372351	ala	k184
31443_GG666995	121133	122527	ala	k185
31445_GG700813	113179	114639	orn	k186
31445_GG700813	117595	119010	thr	k186
31445_GG700813	122173	123573	ala	k186
31445_GG700815	43299	44726	ala	k187
31445_GG700818	120321	121676	ala	k188
31447_GG667193	202857	204167	ala	k189
31449_GG667521	271437	272822	ala	k190
31451_ACLH01000018	3122	4276	ala	k191
31451_ACLH01000032	1904	3277	ala	k192
31451_ACLH01000048	41005	42444	ala	k193
31457_GG668821	374436	375860	ala	k194
31459_GG668755	112796	114220	ala	k195
31461_GG669017	72456	73880	ala	k196
31463_GG669062	69398	70813	ala	k197
31465_ACLK02000003	212390	213829	thr	k198
31467_GG669095	37373	38761	val	k199
31467_GG669095	51792	53225	ser	k199
31467_GG669095	54693	56132	ala	k199
31467_GG669095	61169	62572	gly	k199
31467_GG669095	76953	78341	asn	k199
31467_GG669095	118919	120118	cys	k200
31467_GG669099	468282	469754	ser	k201
31467_GG669118	37	1218	cys	k202
31477_GG669568	110456	111871	ala	k203
31479_GG700738	163048	164472	ala	k204
31481_GG669604	565253	566614	ala	k205
31481_GG669604	744682	746109	ala	k206
31483_GG669710	639279	640706	ala	k207
31485_GG669902	138263	139684	ala	k208
31487_GL379581	572651	574057	ala	k209
31489_GG669992	652181	653608	ala	k210
31491_GG700805	8788	10194	ala	k211
31491_GG700805	115582	116955	ala	k212
31493_CM000953	280096	281496	ala	k213
31495_GG670121	537580	538986	ala	k214
31497_GG692962	473301	474743	ala|gly	k215
31499_GL833110	244471	245886	ala	k216
31503_GG693223	388874	390298	ala	k217
31505_GG693254	139637	141046	ala	k218
31507_GG693416	93424	94851	ala	k219
31511_ACGX02000004	106204	107622	ala	k220
31513_GG670158	220723	222165	ala|gly	k221
31515_GL379761	495467	496918	ala	k222
31517_GL538352	1386472	1387947	hpg|hpg2cl	k223
31517_GL538354	8534	9970	ala	k224
31521_GG770553	950383	951813	ala	k225
31521_GG770554	20489	21952	dhb|sal	k226
31521_GG770554	254401	255744	ala	k227
31521_GG770554	561089	562555	dhb|sal	k228
31521_GG770554	1251642	1253048	thr	k229
31521_GG770554	1260318	1261724	lys	k229
31521_GG770554	1263492	1264970	ala	k229
31521_GG770554	1266779	1268200	ala	k229
31521_GG770555	12681	14105	phe	k230
31521_GG770555	17139	18575	athr|thr	k230
31521_GG770555	21677	23065	alaninol	k230
31521_GG770555	26141	27538	alaninol	k230
31521_GG770555	30985	32385	athr|thr	k230
31521_GG770555	34147	35598	thr	k230
31521_GG770555	37312	38718	thr	k230
31521_GG770555	40462	41901	thr	k230
31521_GG770555	44932	46347	alaninol	k230
31521_GG770555	48058	49530	thr	k230
31521_GG770555	51253	52656	phe	k230
31521_GG770555	281710	283143	ala	k231
31521_GG770555	284875	286305	phe	k231
31521_GG770555	288040	289470	alaninol	k231
31521_GG770555	292504	293910	thr	k231
31521_GG770555	295681	297102	alaninol	k231
31521_GG770555	300163	301584	phe	k231
31521_GG770555	919451	920494	dhb|sal	k232
31523_GG668579	302303	303508	cys	k233
31525_CM001149	449592	451076	thr	k234
31525_CM001149	454230	455744	ala	k234
31525_CM001149	457443	458930	ala	k234
31525_CM001149	462075	463532	leu	k234
31525_CM001149	828857	830278	ala	k235
31525_CM001149	832007	833485	ile	k235
31525_CM001149	836645	838162	athr|thr	k235
31525_CM001149	839900	841330	val	k235
31525_CM001149	844466	845938	val	k235
31525_CM001149	847634	849145	ser	k235
31525_CM001149	850853	852343	val	k235
31525_CM001149	2266520	2267962	ala	k236
31525_CM001149	2550769	2552280	orn	k237
31525_CM001149	2555389	2556882	orn	k237
31525_CM001149	2561241	2562662	orn	k237
31525_CM001149	2564343	2565812	orn	k237
31525_CM001149	2623347	2624798	leu	k238
31525_CM001149	2626491	2628035	horn	k238
31525_CM001149	2631144	2632601	ser	k238
31525_CM001149	2635626	2637095	ala	k238
31525_CM001149	2844904	2846274	ala	k239
31525_CM001149	3681469	3682929	ala	k240
31525_CM001149	3697769	3699214	dhb|sal	k240
31525_CM001149	3727723	3729144	ala	k241
31525_CM001149	3956971	3958008	ala	k242
31525_CM001149	3998116	3999639	thr	k243
31525_CM001149	4001347	4002786	ala	k243
31525_CM001149	4005955	4007427	val	k243
31525_CM001149	4009120	4010601	thr	k243
31525_CM001149	4013767	4015242	d-ala	k243
31525_CM001149	4016938	4018356	val	k243
31525_CM001149	4251276	4252661	ala	k244
31525_CM001149	4254369	4255703	ile	k244
31525_CM001149	4257402	4258805	thr	k244
31525_CM001149	4260519	4261889	ala	k244
31525_CM001149	4263426	4264643	ala	k244
31525_CM001149	4266342	4267658	ala	k244
31525_CM001149	4737058	4738551	hpg|hpg2cl	k245
31525_CM001149	4740262	4741716	ala	k245
31525_CM001149	4743451	4744899	val	k245
31525_CM001149	4746601	4748034	ala	k245
31525_CM001149	4749745	4751202	ala	k245
31525_CM001149	4752934	4754370	hpg	k245
31525_CM001149	4756798	4758315	ser	k245
31525_CM001149	4760023	4761462	leu|val	k245
31525_CM001149	4763152	4764579	ser	k245
31525_CM001149	4767376	4768812	val	k245
31525_CM001149	4770535	4771971	ser	k245
31525_CM001149	4773712	4775193	leu	k245
31525_CM001149	4776919	4778346	hpg|hpg2cl	k245
31525_CM001149	4848100	4849587	ala	k246
31527_GG771051	1	1011	ser	k247
31533_CM000952	72933	74324	ala|gly	k248
31533_CM000952	742196	743569	ala	k249
31533_CM000952	805207	806667	trp	k250
31533_CM000952	808330	809742	val	k250
31533_CM000952	1082482	1083534	ala	k251
31539_CP002110	283555	284928	ala	k252
31539_CP002110	347804	349264	phe	k253
31539_CP002110	350927	352339	val	k253
31539_CP002110	648681	650132	ala	k254
31539_CP002110	2440312	2441703	ala|gly	k255
31541_GG698158	249055	250512	ala	k256
31541_GG698160	142547	143938	ala|gly	k257
31541_GG698166	9914	11326	ile	k258
31541_GG698166	12989	14449	trp	k258
31541_GG698166	78906	80279	ala	k259
31543_GL538356	277819	279192	ala	k260
31543_GL538356	348051	349511	trp	k261
31543_GL538356	351174	352586	ile	k261
31543_GL538356	655296	656747	ala	k262
31543_GL538356	2433124	2434515	ala|gly	k263
31545_GG696727	345337	346785	val	k264
31545_GG696727	348406	349830	ala	k264
31545_GG696727	514559	516010	ala	k265
31545_GG696728	353061	354449	ala|gly	k266
31553_GG693671	23234	24652	ala	k267
32433_EQ973214	215410	216888	ala	k268
32433_EQ973215	88070	89488	ala	k269
32433_EQ973215	477096	478529	ala	k270
32437_EQ973175	316711	318138	ala	k271
32437_EQ973177	591239	592753	ala	k272
32439_EQ973356	501330	502739	ala	k273
32439_EQ973356	678328	679839	ala	k274
32439_EQ973362	113949	115427	ala	k275
32441_JH636044	633148	634626	ala	k276
32441_JH636045	93149	94558	ala	k277
32441_JH636045	440906	442330	ala	k278
32441_JH636046	319679	321202	dhb|sal	k279
32445_EQ973125	271593	272999	ala	k280
32445_EQ973126	823990	825468	ala	k281
32451_JH114322	201198	202676	ala	k282
32453_KI391991	1235037	1236539	ser	k283
32459_GL870823	31673	33064	ala	k284
32459_GL870823	34748	36139	ala	k284
32461_AKCB01000001	2066166	2067575	ala	k285
32463_JH815271	374057	375505	ser	k286
32465_DS999459	592577	594049	ser	k287
32465_DS999461	809254	810453	cys	k288
32465_DS999462	36158	37546	asn	k289
32465_DS999462	51927	53330	gly	k289
32465_DS999462	58367	59806	ala	k289
32465_DS999462	61274	62707	ser	k289
32465_DS999462	75738	77126	val	k289
32465_DS999473	106	1287	cys	k290
32467_JH660540	373969	375417	ser	k291
32467_JH660541	940869	942299	dhb|sal	k292
32467_JH660541	1212913	1214112	cys	k293
32479_GG657999	30490	31950	asn	k294
32491_GG661973	335579	337093	ala	k295
32503_ACII02000001	5453	6892	ile	k296
32503_ACII02000003	1319279	1320679	ala	k297
32503_ACII02000003	1902420	1903841	ala	k298
32503_ACII02000003	1905453	1906862	ala	k298
32503_ACII02000003	1908444	1909853	ala	k298
32507_GG657384	915975	917405	dhb|sal	k299
32507_GG657387	394987	396459	ser	k300
33017_GL891561	299	1732	thr	k301
33017_GL891589	73268	74710	gly	k302
33017_GL891601	48693	50159	ser	k303
33017_GL891610	69432	70916	thr	k304
33017_GL891612	108062	109582	dhb|sal	k305
33071_GL891615	21675	23159	thr	k306
33071_GL891647	66836	68356	dhb|sal	k307
33071_GL891695	4128	5561	thr	k308
33071_GL891710	5887	7329	gly	k309
33071_GL891756	4601	6067	ser	k310
33073_GL891936	82442	83881	gly	k311
33073_GL891944	5148	6581	thr	k312
33073_GL891953	63452	64918	ser	k313
33073_GL891957	65518	67038	dhb|sal	k314
33143_GG698602	1326721	1328085	dhb|sal	k315
33149_GG688422	247426	248835	ala	k316
33149_GG688422	535264	536784	ala	k317
33167_GG729934	367296	368327	leu	k318
33169_GG665866	499839	501287	ala	k319
34067_ACNO01000001	713028	714470	dhb|sal	k320
34067_ACNO01000004	345964	347409	leu	k321
34067_ACNO01000010	15211	16572	ala	k322
34067_ACNO01000011	30829	32238	leu	k323
34067_ACNO01000017	1642	3099	val	k324
34067_ACNO01000029	2078	3553	val	k325
34067_ACNO01000029	5261	6709	ala	k325
34067_ACNO01000029	8411	9895	hpg	k325
34067_ACNO01000032	101163	102641	horn	k326
34067_ACNO01000032	104157	105581	gly	k326
34067_ACNO01000032	109710	111179	arg	k326
34067_ACNO01000034	2687	4078	ala	k327
34067_ACNO01000036	1612	3039	hpg	k328
34067_ACNO01000036	4762	6231	leu	k328
34067_ACNO01000036	7900	9279	val	k328
34067_ACNO01000036	10957	12405	ser	k328
34067_ACNO01000036	15472	16905	leu	k328
34067_ACNO01000036	51780	53210	val	k329
34067_ACNO01000036	54924	56189	ala	k329
34067_ACNO01000036	57828	59234	ala	k329
34067_ACNO01000036	60960	62369	thr	k329
34067_ACNO01000036	64107	65522	ala	k329
34067_ACNO01000046	110573	112078	ala	k330
34067_ACNO01000046	307018	308379	ala	k331
34067_ACNO01000046	395730	397235	ala	k332
34067_ACNO01000046	400711	402141	ala	k332
34067_ACNO01000048	1370	2818	hpg	k333
34067_ACNO01000048	4550	5986	d-ala	k333
34067_ACNO01000048	8777	10255	thr	k333
34067_ACNO01000048	11993	13468	hpg	k333
34067_ACNO01000048	15167	16633	ser	k333
34067_ACNO01000048	18353	19837	ser	k333
34067_ACNO01000048	22232	23710	hpg	k333
34067_ACNO01000048	25451	26920	ala	k333
34067_ACNO01000048	30134	31612	d-ala	k333
34067_ACNO01000059	40775	42268	ala	k334
34067_ACNO01000061	159	1589	thr	k335
34067_ACNO01000064	34532	36058	ala	k336
34067_ACNO01000066	1762	3255	thr	k337
34067_ACNO01000066	6421	7857	ile	k337
34067_ACNO01000066	9589	11076	ala	k337
34067_ACNO01000066	107378	108838	dhb|sal	k338
34067_ACNO01000069	4741	6255	dhb|sal	k339
34067_ACNO01000070	314	1447	athr|thr	k340
34067_ACNO01000073	1	1401	ala	k341
34067_ACNO01000074	3100	4536	val	k342
34067_ACNO01000082	126730	128217	bmt	k343
34067_ACNO01000082	129958	131391	val	k343
34067_ACNO01000082	133120	134532	val	k343
34067_ACNO01000082	136252	137658	val	k343
34067_ACNO01000082	210647	212116	leu	k344
34067_ACNO01000082	213830	215302	ile	k344
34067_ACNO01000082	218480	219997	thr	k344
34067_ACNO01000082	221747	223180	ala	k344
34067_ACNO01000082	226370	227809	val	k344
34067_ACNO01000082	229502	230983	ser	k344
34067_ACNO01000082	232664	234115	val	k344
34067_ACNO01000093	5567	7006	ala	k345
34067_ACNO01000093	10193	11638	ala	k345
34067_ACNO01000101	366	1772	hpg	k346
34067_ACNO01000104	26192	27637	ala	k347
34067_ACNO01000104	285294	286754	ala	k348
34067_ACNO01000104	289797	291224	ser	k348
34067_ACNO01000104	294321	295856	horn	k348
34067_ACNO01000104	297534	298967	d-leu	k348
34067_ACNO01000109	21318	22742	dhb|sal	k349
34067_ACNO01000120	130	1605	hpg	k350
34071_ADCD01000003	16375	17766	ala	k351
34071_ADCD01000042	97545	98981	ala	k352
34071_ADCD01000095	80918	82378	ala	k353
34073_ADGQ01000050	36209	37618	ala	k354
34073_ADGQ01000071	97961	99508	ala	k355
34077_ADEY01000017	115668	117056	ala|gly	k356
34077_ADEY01000032	65639	67087	val	k357
34077_ADEY01000032	68708	70132	ala	k357
34077_ADEY01000032	229471	230922	ala	k358
34079_AEIQ01000025	40963	42384	ala	k359
34079_AEIQ01000077	50883	52265	ala	k360
34081_ACVR01000020	8383	9924	dhb|sal	k361
34081_ACVR01000046	37257	38750	ala	k362
34081_ACVR01000076	20991	22502	ala	k363
34083_ACPZ01000027	332719	334107	ala|gly	k364
34083_ACPZ01000067	68626	70068	ala	k365
34083_ACPZ01000068	99734	101209	ala	k366
34085_ACQV01000003	41747	43198	ala	k367
34087_ACLP01000003	74919	76310	ala|gly	k368
34087_ACLP01000020	82039	83529	ala	k369
34091_ACLO01000067	35880	37307	ala|gly	k370
34097_ACOY01000013	246194	247546	ala	k371
34097_ACOY01000033	42499	43899	ala	k372
34105_ADJN01000056	21844	23361	ala	k373
34105_ADJN01000072	75959	77368	ala	k374
34107_ADDO01000064	27856	29259	ala	k375
34117_ACGB01000007	22551	23948	ala	k376
34545_CM001024	1060764	1062119	ala	k377
34583_ADNU01000039	25289	26311	ala	k378
34583_ADNU01000046	100221	101648	dhb|sal	k379
34583_ADNU01000049	52346	53839	ala	k380
34583_ADNU01000053	27111	28580	val	k381
34583_ADNU01000096	5962	7308	ala	k382
34585_GG700685	254235	255632	ala	k383
34587_CM000961	1145261	1146631	leu	k384
34587_CM000961	1953971	1955338	ala	k385
34615_ADNY01000026	9878	11284	ala	k386
34619_GG700752	132977	134383	ala	k387
34619_GG700754	1624	2979	ala	k388
34627_GG693761	101486	102904	ala	k389
34629_GG693387	91894	93318	ala	k390
34637_GG704780	172375	173751	ala	k391
34643_GG749255	1200648	1202099	ala	k392
34643_GG749255	1386900	1388324	ala	k393
34643_GG749255	1389945	1391393	val	k393
34643_GG749256	384166	385554	ala|gly	k394
34647_GG696773	352757	354145	ala|gly	k395
34647_GG696774	439708	441162	ala	k396
34647_GG696774	658632	660056	ala	k397
34647_GG696774	661677	663125	val	k397
34647_GG696774	734778	736178	cys	k398
34647_GG696774	739107	740282	cys	k398
34653_GL622351	871588	872832	cys	k399
34653_GL622351	883507	884901	ala|gly	k399
34653_GL622352	33264	34610	cys	k400
34653_GL622352	41529	42923	leu	k400
34653_GL622352	45799	47160	leu	k400
34653_GL622352	48726	50072	ala	k400
34653_GL622352	52887	54257	val	k400
34653_GL622352	492577	494040	ala	k401
34653_GL622352	819567	821015	val	k402
34653_GL622352	822639	824060	ala	k402
34655_GG696799	372254	373642	ala|gly	k403
34655_GG696800	82909	84357	val	k404
34655_GG696800	85978	87402	ala	k404
34655_GG696800	256239	257690	ala	k405
34659_CP001993	177019	178455	ala|gly	k406
34661_GG697129	385401	386780	ala	k407
36325_GL531745	85276	86691	ala	k408
36379_ACOZ01000014	3614	5020	ala	k409
37271_GG694018	234291	235694	ala	k410
37947_KI391976	573375	574799	ala|gly	k411
37949_GG698807	24801	26222	ala	k412
37951_KI391978	163150	164565	ala	k413
37953_KI411429	43570	44970	ala	k414
38311_GG703879	624947	626335	dhb|sal	k415
38319_GG771296	110642	112003	ala	k416
38329_GG703885	187717	189027	ala	k417
38335_GG700630	415939	417015	thr	k418
38335_GG700630	476017	477384	ala	k419
38335_GG700630	705267	706580	ala	k420
38335_GG700630	913337	914683	ala	k421
38337_GG704949	751082	752602	dhb|sal	k422
38337_GG704949	1127124	1128587	ser	k423
38337_GG704949	1130244	1131734	orn	k423
38337_GG704949	1266462	1267964	dhb|sal	k424
38337_GG704953	52380	53813	gly	k425
38339_GG704965	502779	504299	dhb|sal	k426
38343_GG705059	222517	224037	dhb|sal	k427
38345_GG705131	1000649	1002190	dhb|sal	k428
38345_GG705132	597765	599276	ala	k429
38345_GG705132	702076	703569	ala	k430
38347_GG705210	610925	612403	ala	k431
38347_GG705211	213303	214727	ala	k432
38347_GG705211	549841	551250	ala	k433
38347_GG705213	78030	79553	dhb|sal	k434
38351_GG705151	553589	555103	ala	k435
38353_GG705228	325279	326685	ala	k436
38353_GG705229	820427	821905	ala	k437
38355_GG730106	829955	831385	ala	k438
38355_GG730107	943043	944407	dhb|sal	k439
38359_GG698738	1100836	1102263	ala	k440
38359_GG698741	226971	228485	ala	k441
38361_GG698761	153358	154773	ala	k442
38509_GG704572	1061018	1062538	dhb|sal	k443
38509_GG704575	64516	65982	ser	k444
38509_GG704575	302372	303805	thr	k445
38509_GG704579	51965	53404	gly	k446
38511_KI391939	724576	726096	dhb|sal	k447
38511_KI391939	1100034	1101503	ser	k448
38511_KI391939	1103151	1104641	orn	k448
38511_KI391939	2180322	2181788	ser	k449
38511_KI391939	3241957	3243399	gly	k450
38513_GG704607	162518	163933	ala	k451
38515_GG704682	223016	224368	ala	k452
38515_GG704686	14988	16388	ala	k453
38517_GG704700	324956	326377	ala	k454
38519_KI391961	197364	198824	asn	k455
38645_GG704744	147252	148652	ala	k456
38727_GG700527	469541	470758	cys	k457
38727_GG700527	481629	482885	cys	k457
38733_GG749269	336964	338400	ala|gly	k458
38737_GG739926	152483	153889	ala	k459
38737_GG739928	7775	9271	ala	k460
38737_GG739940	33981	35483	ala	k461
38739_GL635822	6437	7774	ala	k462
38739_GL636025	141040	142503	ala	k463
38739_GL636030	21658	22908	gly	k464
38739_GL636058	162326	163714	ser	k465
38739_GL636059	88842	90209	ala	k466
38745_KI391971	1338100	1339380	ala	k467
38747_GL635793	319052	320503	ala	k468
38747_GL635794	176480	177826	ala	k469
38749_GL545272	34264	35658	ala|gly	k470
38749_GL545278	425914	427368	ala	k471
38749_GL545278	623184	624608	bmt	k472
38749_GL545278	626229	627680	val	k472
38751_GL698449	887625	889052	ala|gly	k473
38753_GL732466	950	2344	ala	k474
38753_GL732466	5790	6917	bmt	k474
38753_GL732466	918868	920304	ala|gly	k475
38755_GG730093	71522	72958	ala|gly	k476
38757_GL732491	94172	95608	ala|gly	k477
38759_GL545255	93779	95269	ala	k478
38759_GL545260	826512	827903	ala|gly	k479
38763_GL883582	568995	570419	ala	k480
38767_GG775004	8646	10157	ala	k481
38767_GG775004	112757	114271	ala	k482
38781_GL622607	513822	514886	ala	k483
38783_ACRY02000003	247502	248917	ala	k484
38789_JH370351	898927	900498	ser	k485
39147_FP929036	2524274	2525695	ala	k486
39147_FP929036	2880689	2881072	ala	k487
39147_FP929036	2881075	2882124	ala	k487
39153_FP929051	1232160	1233569	ala	k488
39153_FP929051	1235232	1236635	ala	k488
39153_FP929051	1446903	1448342	ala	k489
39157_FP929044	1632730	1634190	ala	k490
39159_FP929042	2578313	2579365	ala	k491
39161_FP929043	918439	919875	ala	k492
39161_FP929043	2022024	2023418	cys	k493
39167_FP929054	3162794	3164233	ile	k494
39167_FP929054	3503655	3505055	dhb|sal	k495
39169_FP929055	325065	326516	ala	k496
39169_FP929055	1174611	1175852	cys	k497
39169_FP929055	1178850	1180268	cys	k497
39169_FP929055	1183108	1184469	cys	k497
39169_FP929055	1186396	1187790	cys	k497
39169_FP929055	1267222	1268532	cys	k498
39169_FP929055	1271611	1273050	cys	k498
39169_FP929055	1275015	1276436	cys	k498
39175_FP929047	515604	516686	ala	k499
39179_FP929052	77783	79189	thr	k500
39179_FP929052	572441	573877	ile	k501
39181_FP929058	1893222	1894646	ala	k502
39357_GL622500	803018	804448	ala	k503
39375_JH594448	920857	922101	cys	k504
39375_JH594448	925096	926529	cys	k504
39375_JH594448	928456	929646	cys	k504
39375_JH594448	2066146	2067561	ala	k505
39379_GL945166	190602	191933	ala	k506
39383_KE150406	408564	409961	ala	k507
39383_KE150406	411648	413060	ala	k507
39385_JH594553	370469	371941	ser	k508
39387_GL945255	23259	24698	ile	k509
39387_GL945265	10078	11457	ala	k510
39387_GL945265	13147	14538	ala	k510
39391_JH815236	1363031	1364053	dhb|sal	k511
39391_JH815236	1568032	1569495	ala	k512
39391_JH815236	1775307	1776347	dhb|sal	k513
39391_JH815238	529620	531122	ala	k514
39413_JH376566	415077	416471	ala	k515
39413_JH376567	769081	770322	ala	k516
39413_JH376567	772226	773689	ala	k516
39415_GL520218	164045	165067	dhb|sal	k517
39415_GL520218	369448	370911	ala	k518
39415_GL520218	577241	578281	dhb|sal	k519
39415_GL520220	489368	490870	ala	k520
39419_JH414691	136767	138203	dhb|sal	k521
39743_JH376563	190194	191675	ala	k522
39743_JH376563	2048821	2050278	ile	k523
40001_GL635726	1788035	1789504	dhb|sal	k524
40001_GL635726	1836968	1838401	ala	k525
40001_GL635727	181305	182816	dhb|sal	k526
40001_GL635727	297924	299306	ala	k527
40001_GL635727	881817	883343	thr	k528
40001_GL635727	885069	886508	gly	k528
40001_GL635727	1065144	1066592	ala	k529
40001_GL635728	236012	237487	ile	k530
40001_GL635728	240647	241018	ala	k530
40001_GL635728	242171	243448	leu	k530
40001_GL635728	245102	246583	asp	k530
40001_GL635728	248231	249688	val	k530
40001_GL635728	252777	253115	ala	k530
40001_GL635728	253475	254743	leu	k530
40001_GL635728	256388	257860	leu	k530
40001_GL635728	259505	261004	gln	k530
40001_GL635728	364277	365710	dhb|sal	k531
40001_GL635749	1	576	ala	k532
40003_GL635750	790366	791841	dhb|sal	k533
40003_GL635750	864887	866371	ala	k534
40003_GL635752	650817	652352	dhb|sal	k535
40003_GL635752	734808	736283	ala	k536
40003_GL635753	93563	95029	dhb|sal	k537
40003_GL635753	358182	359600	dhb|sal	k538
40003_GL635755	196098	197504	dhb|sal	k539
40005_JH414708	215634	217082	ala	k540
40005_JH414708	330134	331642	dhb|sal	k541
40005_JH414709	486463	487935	gly	k542
40005_JH414709	489643	491136	thr	k542
40005_JH414709	603380	604885	athr|thr	k543
40005_JH414709	607972	609417	ala	k543
40005_JH414709	611155	612564	ala	k543
40005_JH414709	614523	615986	ser	k543
40005_JH414709	617709	619100	ala	k543
40005_JH414709	620841	622313	ala	k543
40005_JH414709	625379	626806	ala	k543
40005_JH414709	907509	908897	cys	k544
40005_JH414709	910554	912008	ala	k544
40005_JH414710	363449	364909	ala	k545
40005_JH414710	611392	612840	ala	k546
40005_JH414712	229092	230579	leu	k547
40005_JH414712	232260	233708	leu	k547
40005_JH414712	237236	238672	asn	k547
40005_JH414712	250227	251654	thr	k547
40005_JH414712	253087	254529	ser	k547
40005_JH414712	263978	265411	ala	k547
40005_JH414712	267104	268582	ala	k547
40005_JH414712	284893	286353	tyr	k548
40005_JH414712	288061	289551	leu	k548
40005_JH414713	114329	115819	leu	k549
40007_JH414741	17440	18837	ala	k550
40007_JH414751	120734	122185	dhb|sal	k551
40007_JH414757	275050	276525	dhb|sal	k552
40007_JH414764	543695	545185	ala	k553
40007_JH414764	559622	561115	thr	k553
40009_GL622538	286252	287763	ala	k554
40009_GL622548	121049	122527	ala	k555
40013_GL945043	608381	609859	ala	k556
40013_GL945046	201499	202923	ala	k557
40013_GL945047	327615	329138	dhb|sal	k558
40013_GL945048	227539	228948	ala	k559
40021_JH114300	56154	57608	ala	k560
40021_JH114300	64537	65835	ala	k560
40021_JH114300	75997	77472	thr	k560
40021_JH114300	86207	87673	ala	k560
40021_JH114300	88963	90465	ala	k560
40021_JH114300	92590	93960	thr	k560
40021_JH114300	95878	97260	ala	k560
40021_JH114301	671106	672530	ala	k561
40021_JH114301	674217	675626	ala	k561
40021_JH114301	677307	678665	ala	k561
40023_GL622579	43931	45025	ala	k562
40023_GL622579	344938	346419	abu|iva	k563
40023_GL622580	373227	374510	d-cys	k564
40023_GL622581	140647	142089	ala	k565
40023_GL622582	265649	267097	ala	k566
40023_GL622587	1	1188	cys	k567
40025_JH414799	447263	448732	ser	k568
40031_JH164952	791340	792746	ala	k569
40033_JH164966	414912	416366	ala	k570
40037_JH376461	153567	154967	ala	k571
40037_JH376461	967372	968865	ala	k572
40037_JH376461	970507	971934	ser	k572
40037_JH376465	604731	605798	val	k573
40037_JH376469	21936	23186	glu	k574
40037_JH376469	28704	29621	ala	k574
40037_JH376469	139440	140945	thr	k575
40037_JH376469	142514	144031	horn	k575
40037_JH376469	145709	147202	horn	k575
40037_JH376469	153909	154478	ala	k575
40037_JH376469	157135	158571	arg	k575
40037_JH376469	163365	164381	ser	k575
40037_JH376469	189281	190843	ala	k576
40037_JH376469	193907	195415	orn	k576
40037_JH376469	197150	198595	glu	k576
40037_JH376471	14186	15448	cys	k577
40037_JH376471	18454	19668	cys	k577
40037_JH376491	69	749	ala	k578
40043_JH414768	60453	61973	dhb|sal	k579
40049_GG745509	441860	443329	ser	k580
40051_GG730083	407765	409177	ala	k581
40083_GG703522	655876	657075	cys	k582
40083_GG703522	822439	823869	dhb|sal	k583
40087_GG753567	2796851	2798299	ser	k584
40637_AP011548	786118	787560	ala|gly	k585
40665_ADGR01000124	1273	2688	ala	k586
40673_ADFR01000016	81267	82679	ile	k587
40679_ADFS01000001	832527	833990	ala	k588
40679_ADFS01000001	835894	837141	ala	k588
40681_ADJL01000057	115652	116674	ala	k589
40681_ADJL01000057	118796	120082	ala	k589
40683_ADFT01000001	14547	15980	ala	k590
40685_KI391954	464322	465743	thr	k591
40685_KI391954	467581	468993	ala	k591
40685_KI391954	477678	479096	ala	k591
40685_KI391954	554770	556173	ala	k592
40699_ADWQ01000002	267588	269018	dhb|sal	k593
40699_ADWQ01000012	112397	113845	ser	k594
40699_ADWQ01000037	3625	4824	cys	k595
40701_ADWR01000003	6996	8426	dhb|sal	k596
40701_ADWR01000025	41664	43112	ser	k597
40703_ADWS01000012	111739	113187	ser	k598
40707_ADWT01000003	77569	79017	ser	k599
40707_ADWT01000021	36359	37558	cys	k600
40707_ADWT01000077	13724	15154	dhb|sal	k601
40709_ADWU01000019	84354	85802	ser	k602
40713_ADWV01000012	114128	115576	ser	k603
40713_ADWV01000016	17213	18643	dhb|sal	k604
40715_GL878483	313534	314928	ala	k605
40717_GL883052	2252	3715	ala	k606
40717_GL883075	9	893	ala	k607
40721_GL878476	123438	124901	ala	k608
40721_GL878476	126805	128046	ala	k608
40729_GL878438	5568	7031	ala	k609
40729_GL878438	9154	10176	ala	k609
41103_KI391957	430898	432313	ala	k610
41555_ADJM01000007	454304	455551	ala	k611
41555_ADJM01000007	457455	458918	ala	k611
41947_GG753600	610232	611752	dhb|sal	k612
41947_GG753601	547686	549119	thr	k613
41947_GG753605	52440	53882	gly	k614
41951_GG774759	999664	1001091	ala	k615
41951_GG774761	227353	228867	ala	k616
41961_JH114231	681170	682711	ala	k617
41963_KE150238	2848798	2850339	ala	k618
41967_GL872349	886622	887743	ala	k619
41985_KE150242	502140	503621	ala	k620
42247_CP001845	1999556	2000992	ala|gly	k621
42525_GG739730	9895	11319	ala	k622
42527_GG739886	64478	65902	ala	k623
42529_ADDR02000001	2634748	2636130	ala	k624
42529_ADDR02000001	2638048	2639418	thr	k624
42529_ADDR02000001	2641543	2643045	ala	k624
42529_ADDR02000001	2644335	2645801	ala	k624
42529_ADDR02000001	2654536	2656011	thr	k624
42529_ADDR02000001	2666173	2667468	ala	k624
42529_ADDR02000001	2674399	2675853	ala	k624
42531_GL890583	647624	649030	ala	k625
42533_GL877792	54729	56144	ala	k626
42535_KN050667	572090	573523	ala	k627
42537_GL349568	204819	206129	ala	k628
42539_GL379574	643706	645283	ser	k629
42541_KI391947	214802	216244	dhb|sal	k630
42543_KN050675	592365	593798	ala	k631
42547_GL349413	415751	417100	ala	k632
42551_GL872364	557341	558807	ala	k633
42555_CP001850	1221076	1222524	dhb|sal	k634
42751_ADKN01000026	28944	30368	ala	k635
42757_ADMM01000075	974	2140	ala	k636
42769_ADMO01000148	111084	112595	ala	k637
42771_ADMP01000175	38938	40347	ala	k638
42773_ADKP01000171	10428	11837	ala	k639
43115_JH376860	149648	151078	ala	k640
43117_JH114215	300217	301608	dhb|sal	k641
43121_GL637673	24759	26201	ala	k642
43129_AECT01000004	95462	96898	ala|gly	k643
43131_GL637704	4215	5570	cys	k644
43131_GL637704	7511	8776	cys	k644
43187_GG770435	1977506	1979026	dhb|sal	k645
43187_GG770435	2481891	2483318	thr	k646
45861_FP929038	594410	595840	ala	k647
45861_FP929038	1792731	1794065	ala	k648
45915_FP929039	939381	940898	ala	k649
45919_FP929059	1670859	1672316	ala	k650
45967_FP929040	2190873	2192342	ser	k651
46343_GG770409	1347508	1348878	ala	k652
46343_GG770409	2168097	2169608	ala	k653
46343_GG770409	2417422	2418825	ser	k654
46343_GG770409	4677501	4679018	ala	k655
46361_GL636579	206174	207583	ala	k656
46377_JH992943	399098	400516	ala	k657
46377_JH992946	87504	89027	dhb|sal	k658
46379_JH414886	425182	426684	ser	k659
46385_JH376421	209336	210700	ala	k660
46385_JH376421	318356	319789	ile	k661
46389_JH376872	192541	193989	ile	k662
46403_JH126475	89043	90473	ala	k663
46405_JH591187	1190466	1191830	ala	k664
46405_JH591188	68333	69703	ala	k665
46407_JH126490	161624	163060	ala	k666
46411_GL892006	96245	97738	ala	k667
46415_JH376939	489152	490555	ala	k668
46423_JH594596	106565	108013	ala	k669
46425_JH815198	718412	719431	ala	k670
46425_JH815198	1000671	1002113	ala	k671
46427_GL636616	388633	390060	ala|gly	k672
46429_GL636557	9150	10628	dhb|sal	k673
46809_GL538350	44407	45807	ala	k674
47125_GL455800	64351	65775	ala	k675
47127_GL455769	20503	21927	ala	k676
47129_GL454153	28796	30220	ala	k677
47131_GL457054	28791	30215	ala	k678
47133_GL476263	28765	30189	ala	k679
47141_GL454684	230241	231665	ala	k680
47143_GL454440	28774	30198	ala	k681
47145_GL456473	29449	30873	ala	k682
47147_GL454182	394846	396270	ala	k683
47151_GL454391	98391	99815	ala	k684
47153_GL454734	28762	30186	ala	k685
47155_GL454516	342637	344061	ala	k686
47157_GL455109	38089	39513	ala	k687
47159_GL455459	28881	30305	ala	k688
47161_GL454344	491523	492947	ala	k689
47163_GL454271	120748	122172	ala	k690
47165_GL456765	38086	39510	ala	k691
47167_GL456418	28792	30216	ala	k692
47169_GL456524	368227	369651	ala	k693
47171_GL454767	28761	30185	ala	k694
47173_GL455329	219280	220704	ala	k695
47175_GL457112	28762	30186	ala	k696
47177_GL455645	389688	391112	ala	k697
47179_GL455506	6883	8307	ala	k698
47181_GL454540	65103	66527	ala	k699
47183_GL457170	94780	96204	ala	k700
47185_GL454584	28926	30350	ala	k701
47187_GL454586	3519	4943	ala	k702
47189_GL884017	3938	5359	ala	k703
47191_GL455622	243935	245359	ala	k704
47193_GL455899	29085	30500	ala	k705
47195_GL456579	35032	36447	ala	k706
47197_GL476228	31178	32593	ala	k707
47199_GL454927	71522	72937	ala	k708
47201_GL456872	71522	72937	ala	k709
47203_GL455151	71522	72937	ala	k710
47205_GG772754	44170	45642	ser	k711
47205_GG772787	29664	30863	cys	k712
47207_GG772195	1	1182	cys	k713
47207_GG772205	5838	7226	asn	k714
47207_GG772205	47929	49128	cys	k715
47207_GG772291	125180	126652	ser	k716
47207_GG772310	1801	3204	gly	k717
47207_GG772310	8241	9680	ala	k717
47207_GG772310	11148	12581	ser	k717
47207_GG772310	25612	27000	val	k717
47209_GG774439	1874	3073	cys	k718
47209_GG774463	38081	39532	ser	k719
47211_GG774357	122664	123863	cys	k720
47211_GG774357	164686	166074	asn	k721
47211_GG774401	200755	202227	ser	k722
47211_GG774410	1832	3235	gly	k723
47211_GG774410	8272	9711	ala	k723
47211_GG774410	11179	12612	ser	k723
47211_GG774410	25748	27136	val	k723
47213_GG772344	50933	52132	cys	k724
47213_GG772450	105745	107217	ser	k725
47217_GG773293	4825	6255	dhb|sal	k726
47217_GG773317	24811	26259	ser	k727
47219_GG771537	27959	29158	cys	k728
47219_GG771630	74279	75709	dhb|sal	k729
47219_GG771700	31969	33417	ser	k730
47223_GL882702	11648	13117	ser	k731
47223_GL882770	71566	72765	cys	k732
47225_GG772985	1	1182	cys	k733
47225_GG773021	448870	450342	ser	k734
47225_GG773023	16603	17991	val	k735
47225_GG773023	31022	32455	ser	k735
47225_GG773023	33923	35362	ala	k735
47225_GG773023	40399	41802	gly	k735
47225_GG773033	5838	7226	asn	k736
47225_GG773033	47926	49125	cys	k737
47227_GG771790	74573	76003	dhb|sal	k738
47227_GG771853	105797	107245	ser	k739
47229_GG773475	6272	7720	ser	k740
47229_GG773477	75081	76511	dhb|sal	k741
47231_GG772968	6165	7613	ser	k742
47241_GG772146	151562	152992	dhb|sal	k743
47241_GG772164	6274	7722	ser	k744
47257_GG773190	29190	30662	ser	k745
47257_GG773212	361683	362882	cys	k746
47257_GG773212	401157	402545	asn	k747
47257_GG773212	408238	409530	cys	k747
47257_GG773212	411385	412788	gly	k747
47257_GG773212	417825	419264	ala	k747
47257_GG773212	420732	422165	ser	k747
47257_GG773212	435196	436584	val	k747
47259_GG773505	43528	44727	cys	k748
47259_GG773533	125362	126834	ser	k749
47263_GG773678	29570	30769	cys	k750
47263_GG773717	75096	76526	dhb|sal	k751
47263_GG773725	6401	7849	ser	k752
47265_GG771946	21676	22875	cys	k753
47265_GG771972	74623	76053	dhb|sal	k754
47265_GG772038	112111	113559	ser	k755
47267_GG774210	1	1182	cys	k756
47267_GG774211	5834	7222	asn	k757
47267_GG774253	197346	198818	ser	k758
47267_GG774271	16261	17460	cys	k759
47267_GG774275	1864	3270	gly	k760
47267_GG774275	8304	9743	ala	k760
47267_GG774275	11211	12644	ser	k760
47267_GG774275	25675	27063	val	k760
47269_GG772571	6281	7729	ser	k761
47271_GG773954	13527	14726	cys	k762
47271_GG774075	7733	9163	dhb|sal	k763
47271_GG774118	111810	113258	ser	k764
47273_GG771482	39710	40909	cys	k765
47273_GG771506	22473	23945	ser	k766
47275_GG773752	1	1182	cys	k767
47275_GG773821	16836	18224	val	k768
47275_GG773821	31255	32688	ser	k768
47275_GG773821	34156	35595	ala	k768
47275_GG773821	40632	42035	gly	k768
47275_GG773863	5836	7224	asn	k769
47275_GG773863	48124	49323	cys	k770
47275_GG773871	125412	126884	ser	k771
47281_GL638170	34151	35563	ile	k772
47281_GL638170	37226	38686	phe	k772
47281_GL638170	103024	104397	ala	k773
47281_GL638175	450635	452026	ala|gly	k774
47281_GL638198	266596	268047	ala	k775
47283_GL638200	26861	28312	ala	k776
47283_GL638224	275046	276437	ala|gly	k777
47283_GL638237	34153	35565	ile	k778
47283_GL638237	37228	38688	phe	k778
47283_GL638237	103107	104480	ala	k779
48315_CP002843	1540191	1541627	ala|gly	k780
48445_GG774480	1059941	1061332	ala|gly	k781
48445_GG774481	239264	240637	ala	k782
48445_GG774481	309497	310957	trp	k783
48445_GG774481	312620	314032	ile	k783
48445_GG774481	591842	593293	ala	k784
48447_CP002280	2436000	2437577	ser	k785
48493_GL882540	115516	116742	d-cys	k786
48493_GL882540	123430	124581	cys	k786
48493_GL882540	127606	129105	d-cys	k786
48501_JH376599	31872	33386	ala	k787
48509_GL882584	396230	397639	ala	k788
49161_GL383669	119437	120900	ala	k789
49161_GL383669	123023	124045	ala	k789
49165_GL383280	31889	33283	ala	k790
49165_GL383283	119354	120817	ala	k791
49165_GL383283	122940	123962	ala	k791
49169_GL384611	119673	121109	ala	k792
49169_GL384611	123013	124260	ala	k792
49171_GL383688	119117	120580	ala	k793
49171_GL383688	122703	123725	ala	k793
49173_GL384555	5452	6474	ala	k794
49173_GL384561	682264	683658	ala	k795
49179_GL383364	592215	593237	ala	k796
49179_GL383364	595360	596823	ala	k796
49181_GL384374	9787	11250	ala	k797
49181_GL384374	13373	14395	ala	k797
49187_GL383323	683479	684873	ala	k798
49187_GL383325	119536	120999	ala	k799
49187_GL383325	123122	124144	ala	k799
49189_GL383825	334588	335982	ala	k800
49189_GL383834	768693	769715	ala	k801
49189_GL383834	771838	773301	ala	k801
49191_GL384112	13027	14490	ala	k802
49191_GL384112	16394	17641	ala	k802
49193_GL384071	7112	8359	ala	k803
49193_GL384071	10263	11726	ala	k803
49195_GL384218	119677	121113	ala	k804
49195_GL384218	123017	124264	ala	k804
49197_GL383851	598616	599638	ala	k805
49197_GL383851	601761	603224	ala	k805
49199_GL383656	5491	6927	ala	k806
49199_GL383656	8831	10078	ala	k806
49201_GL384389	575098	576339	ala	k807
49201_GL384389	578243	579706	ala	k807
49205_GL384462	683218	684612	ala	k808
49205_GL384465	768518	769540	ala	k809
49205_GL384465	771663	773126	ala	k809
49209_GL384225	773916	775163	ala	k810
49209_GL384225	777067	778503	ala	k810
49211_GL383821	119864	121327	ala	k811
49211_GL383821	123450	124478	ala	k811
49213_GL383264	488370	489617	ala	k812
49213_GL383264	491521	492957	ala	k812
49215_GL383923	119777	121213	ala	k813
49215_GL383923	123117	124364	ala	k813
49217_GL384508	773913	775160	ala	k814
49217_GL384508	777064	778500	ala	k814
49219_GL383588	31888	33282	ala	k815
49219_GL383596	767718	768740	ala	k816
49219_GL383596	770863	772326	ala	k816
49221_GL383391	119763	121199	ala	k817
49221_GL383391	123103	124350	ala	k817
49223_GL383972	769703	770725	ala	k818
49223_GL383972	772848	774311	ala	k818
49227_GL383502	10237	11406	ala	k819
49227_GL383502	11421	11699	ala	k819
49227_GL383502	13822	14844	ala	k819
49229_GL383465	119295	120758	ala	k820
49229_GL383465	122881	123903	ala	k820
49231_GL383158	5888	7324	ala	k821
49231_GL383158	9228	10475	ala	k821
49233_GL383379	774476	775723	ala	k822
49233_GL383379	777627	779063	ala	k822
49237_GL383635	123725	125188	ala	k823
49237_GL383635	127092	128339	ala	k823
49239_GL383459	773953	775200	ala	k824
49239_GL383459	777104	778540	ala	k824
49241_GL384205	119371	120834	ala	k825
49241_GL384205	122738	123985	ala	k825
49243_GL384531	682153	683547	ala	k826
49243_GL384547	13032	14495	ala	k827
49243_GL384547	16618	17640	ala	k827
49245_GL383100	123571	125034	ala	k828
49245_GL383100	126938	128185	ala	k828
49247_GL383714	769384	770406	ala	k829
49247_GL383714	772529	773992	ala	k829
49249_GL383727	119453	120916	ala	k830
49249_GL383727	123039	124061	ala	k830
49251_GL384524	770096	771118	ala	k831
49251_GL384524	773241	774704	ala	k831
49253_GL383169	6677	7918	ala	k832
49253_GL383169	9822	11285	ala	k832
49255_GL383125	774177	775424	ala	k833
49255_GL383125	777328	778764	ala	k833
49257_GL384452	597325	598572	ala	k834
49257_GL384452	600476	601912	ala	k834
49259_GL383735	119471	120934	ala	k835
49259_GL383735	123057	124079	ala	k835
49261_GL383701	769588	770610	ala	k836
49261_GL383701	772733	774196	ala	k836
49263_GL383757	31870	33264	ala	k837
49263_GL383759	768869	769891	ala	k838
49263_GL383759	772014	773477	ala	k838
49265_GL383112	773876	775123	ala	k839
49265_GL383112	777027	778463	ala	k839
49267_GL383245	119351	120814	ala	k840
49267_GL383245	122937	123959	ala	k840
49269_GL383810	119330	120793	ala	k841
49269_GL383810	122916	123938	ala	k841
49275_GL384396	683405	684799	ala	k842
49275_GL384406	119326	120789	ala	k843
49275_GL384406	122912	123934	ala	k843
49277_GL383213	123501	124964	ala	k844
49277_GL383213	126868	128109	ala	k844
49279_GL384605	768989	770236	ala	k845
49279_GL384605	772140	773603	ala	k845
49281_GL384115	643	1974	ala	k846
49283_GL384481	4925	6388	ala	k847
49291_CP002734	3038455	3039468	d-cys	k848
49291_CP002734	3041326	3042741	cys	k848
49291_CP002734	3046227	3047435	cys	k848
49291_CP002734	3058981	3060420	cys	k848
49291_CP002734	3325369	3326784	ala	k849
49295_AFII01000001	555837	555896	ala	k850
49295_AFII01000001	555905	556201	ala	k850
49295_AFII01000001	556216	557280	ala	k850
49435_AECM01000026	1699	3111	cys	k851
49439_AFUO01000001	1290576	1292012	ala|gly	k852
49443_AEBA01000016	521	1945	ala	k853
49619_AEAT01000091	6870	8264	ala	k854
49691_JH414922	28206	29672	ala	k855
49693_JH591032	23198	24628	ala	k856
49877_KE148312	744526	745968	ala	k857
49885_JH376746	128624	130051	ala|gly	k858
50403_JH378889	70727	72163	ala|gly	k859
50513_GL405235	134496	135911	ala	k860
50515_GL397179	213224	214660	ala|gly	k861
50517_GL397225	786104	787549	ala|gly	k862
50519_GL397128	1882373	1883800	ala|gly	k863
50521_GL397254	1706087	1707523	ala|gly	k864
50523_GL397138	2201132	2202511	ala	k865
50525_GL397187	802090	803562	ala	k866
50527_GL397067	1031608	1033020	ala	k867
50529_GL397071	615298	616353	cys	k868
50529_GL397071	618916	619242	ala	k868
50529_GL397071	1838331	1839740	ala	k869
50529_GL397078	4	1062	cys	k870
50531_GL397214	1646426	1647736	ala	k871
50533_GL397103	801770	803221	ala	k872
50533_GL397103	1135342	1136754	val	k873
50533_GL397103	1138417	1139877	trp	k873
50533_GL397103	1201681	1203054	ala	k874
50533_GL397103	2544108	2545499	ala|gly	k875
51069_AEDP01000009	10002	11237	cys	k876
51069_AEDP01000047	59311	60744	ala	k877
51071_AEDQ01000017	468	1961	ala	k878
51081_AFUI01000017	62975	64036	cys	k879
51081_AFUI01000037	44029	45273	cys	k880
51491_GL586311	1383186	1384682	ala	k881
51491_GL586311	1653293	1654699	ala	k882
51493_GL573160	774486	775955	dhb|sal	k883
51495_GL833119	836231	837745	ala	k884
52027_AEXN01000039	11635	13047	cys	k885
52029_AEXP01000005	8754	10160	ala	k886
52031_AEHR01000021	8756	9103	ala	k887
52031_AEHR01000021	9111	10163	ala	k887
52033_AEHQ01000036	78267	79673	ala	k888
52035_AEHP01000015	8756	9124	ala	k889
52035_AEHP01000015	9156	10163	ala	k889
52037_AEHO01000010	84226	85632	ala	k890
52039_AEHN01000019	8983	10389	ala	k891
52041_AEKH01000010	295005	296411	ala	k892
52043_AEKI01000009	12433	13839	ala	k893
52043_AEKI01000023	99966	101339	ala	k894
52045_AEKJ01000018	181994	183400	ala	k895
52047_AEKK01000011	183955	185361	ala	k896
52085_JH594435	1166579	1167781	d-cys	k897
52085_JH594435	1173181	1174659	cys	k897
52085_JH594435	1178850	1180265	d-cys	k897
52085_JH594436	290775	292199	ala	k898
52087_JH594522	528277	529680	ala	k899
52089_JH376755	92987	94411	phe	k900
52089_JH376755	97920	99344	ser	k900
52089_JH376757	120103	121530	ala|gly	k901
52105_JH932274	59202	60617	ala	k902
52107_JH932290	486068	487483	ala	k903
52117_KB373335	251668	253056	ala|gly	k904
52117_KB373336	301284	302735	ala	k905
52117_KB373336	490600	492024	ala	k906
52117_KB373336	493645	495093	val	k906
52125_JH992913	585376	586791	ala	k907
52127_KB373322	996828	998072	cys	k908
52127_KB373322	1008749	1010143	ala|gly	k908
52127_KB373322	1125103	1126566	ala	k909
52127_KB373322	1578232	1579602	val	k910
52127_KB373322	1582417	1583763	ala	k910
52127_KB373322	1585331	1586692	leu	k910
52127_KB373322	1589569	1590963	leu	k910
52127_KB373322	1597883	1599229	cys	k910
52127_KB373323	254699	256147	val	k911
52127_KB373323	257771	259192	ala	k911
52131_KB373326	689344	690831	ala	k912
52131_KB373328	326075	327466	ala	k913
52133_KB373317	657593	659038	ala|gly	k914
52137_JH603153	477431	478912	ser	k915
52139_JH603143	541381	542832	ser	k916
52139_JH603143	1754398	1755588	cys	k917
52139_JH603143	2603451	2604911	ala	k918
52139_JH603143	2606710	2608128	ala	k918
52143_JH603137	968289	969740	ser	k919
52143_JH603137	2311922	2313112	cys	k920
52145_JH603146	1324911	1326380	ser	k921
52145_JH603146	3363196	3364395	cys	k922
52145_JH603147	181762	183192	dhb|sal	k923
52149_AKCF01000001	3256644	3258062	ala	k924
52149_AKCF01000001	3259861	3261321	ala	k924
52149_AKCF01000001	4034379	4035569	cys	k925
52149_AKCF01000001	5257361	5258812	ser	k926
52153_JH603150	390958	392376	ala	k927
52153_JH603150	394175	395635	ala	k927
52153_JH603150	520703	521926	cys	k928
52153_JH603150	5140248	5141699	ser	k929
52155_KB375282	735918	737369	dhb|sal	k930
52155_KB375282	860498	861952	ala	k931
52155_KB375282	976789	978219	ala	k932
52155_KB375282	2264284	2265759	ala	k933
52155_KB375284	404238	405665	ala	k934
52155_KB375284	843806	845218	dhb|sal	k935
52157_KB375281	143382	144812	dhb|sal	k936
52157_KB375281	422503	424035	ala	k937
52157_KB375281	1285585	1286622	ala	k938
52157_KB375281	3273640	3275052	ala	k939
52157_KB375281	3479972	3481399	ala	k940
52159_KB375270	5481	6869	ala	k941
52159_KB375270	1756237	1757697	dhb|sal	k942
52159_KB375270	1823501	1824931	ala	k943
52159_KB375270	3016617	3018023	ala	k944
52159_KB375270	3624427	3625860	ala	k945
52167_KE150270	320800	322119	ala	k946
52167_KE150270	323908	325347	nme-fhorn	k946
52167_KE150270	331797	333263	arg	k946
52167_KE150270	336351	337730	phe	k946
52167_KE150292	142199	143653	ala	k947
52167_KE150295	18138	19499	ala	k948
52167_KE150297	18184	19221	dhb|sal	k949
52167_KE150309	557	2050	ala	k950
52167_KE150309	5099	6571	arg	k950
52167_KE150314	321087	322595	ala	k951
52167_KE150318	7659	9146	ser	k952
52167_KE150318	15774	17234	asp	k952
52167_KE150318	18990	19790	ala	k952
52167_KE150331	1612	3105	gly	k953
52167_KE150331	5025	5843	ala	k953
52167_KE150337	1633	3105	hpg|hpg2cl	k954
52167_KE150338	770	2254	ser	k955
52169_KE150349	1201267	1202754	ser	k956
52169_KE150349	1209397	1210857	asp	k956
52169_KE150367	56958	58430	arg	k957
52169_KE150367	61485	62963	ala	k957
52169_KE150371	388193	389701	dhb|sal	k958
52169_KE150388	1408	2928	gly	k959
52169_KE150391	1149	2621	hpg|hpg2cl	k960
52169_KE150393	162684	164045	ala	k961
52169_KE150394	676	2160	ser	k962
52169_KE150396	52	1035	dhab|dht|thr	k963
52169_KE150397	52	1017	athr|thr	k964
52169_KE150401	225479	226516	dhb|sal	k965
52183_JH601088	1599378	1600895	ala	k966
52183_JH601088	1726361	1727770	ala	k967
52185_JH992922	778124	779581	ala	k968
52187_JH815535	1452652	1454085	ala	k969
52187_JH815536	90562	92010	dhb|sal	k970
52189_KE161015	82996	84480	dhb|sal	k971
52189_KE161016	640408	641841	ala	k972
52191_KE340319	401300	402733	ala	k973
52191_KE340320	85206	86690	dhb|sal	k974
52193_JH590834	85537	86985	dhb|sal	k975
52193_JH590834	2845687	2847120	ala	k976
52195_JH590837	84819	86267	dhb|sal	k977
52195_JH590838	474053	475486	ala	k978
52201_JH992904	4662978	4664402	ala	k979
52981_GL622296	2837701	2839107	ala	k980
52989_GL636062	1186360	1187910	ser	k981
52989_GL636062	1207145	1208545	d-ala	k982
52989_GL636062	1216390	1217895	gly	k982
52995_GL622359	36676	37917	cys	k983
52995_GL622359	870728	871873	cys	k984
52995_GL622359	882276	883790	ala	k984
52995_GL622359	908422	909813	ala	k985
52995_GL622359	1183371	1184549	cys	k986
52995_GL622359	1187607	1188791	cys	k986
52995_GL622359	1345080	1346513	cys	k987
52995_GL622359	1350573	1351922	cys	k987
52995_GL622359	1357123	1358385	cys	k987
52995_GL622359	1885979	1887334	leu	k988
53001_GL872382	1235733	1237127	ala	k989
53001_GL872382	1610910	1612226	ala	k990
53003_GL732449	1508275	1509711	ala|gly	k991
53005_GL622183	524413	525849	ala|gly	k992
53023_GL872413	1402733	1404214	dhb|sal	k993
53029_GL878519	731279	732670	ala	k994
53031_GL892086	1290965	1292413	ser	k995
53039_GL622241	140140	141528	ala	k996
53041_GL872325	16306	17742	ala	k997
53057_GL636070	437313	438740	ala|gly	k998
53059_GL732463	112095	113531	ala|gly	k999
53061_GL622333	1219618	1221024	ala	k1000
53155_GL878508	66682	68109	ala|gly	k1001
53157_GL890985	56407	57834	ala|gly	k1002
53159_GL872376	2190922	2192349	ala|gly	k1003
53161_GL872408	1751355	1752782	ala|gly	k1004
53163_GL872442	90579	92006	ala|gly	k1005
53165_GL872447	67581	69008	ala|gly	k1006
53169_GL982563	67925	69352	ala|gly	k1007
53171_GL872307	2227216	2228643	ala|gly	k1008
53173_GL890993	523345	524772	ala|gly	k1009
53175_GL872310	66679	68106	ala|gly	k1010
53179_GL872319	96292	97719	ala|gly	k1011
53181_GL890990	1925872	1927299	ala|gly	k1012
53183_GL878514	72350	73777	ala|gly	k1013
53185_GL878565	498519	499946	ala|gly	k1014
53187_GL890976	319993	321384	phe	k1015
53187_GL890976	323119	324450	aad	k1015
53187_GL890976	328292	329554	ser	k1015
53187_GL890976	329563	329757	ala	k1015
53189_GL883609	1733306	1734733	ala|gly	k1016
53191_GL831107	487131	488558	ala|gly	k1017
53193_GL622227	313001	313885	ala	k1018
53193_GL622227	1230758	1231648	ala	k1019
53195_GL622205	470745	472100	ala	k1020
53197_GL872339	1405509	1407059	ala	k1021
53201_GL636091	447401	448837	ala|gly	k1022
53203_GL732518	1508548	1509975	ala|gly	k1023
53209_GL831112	1144016	1145443	ala|gly	k1024
53565_AEKM01000003	65123	66559	ala|gly	k1025
53567_AEKN01000010	26810	28237	ala|gly	k1026
53567_AEKN01000012	111822	113276	gly	k1027
53567_AEKN01000012	118023	119417	gly	k1027
53567_AEKN01000012	123564	125006	ala	k1027
53569_AFQU01000001	1230921	1232345	ala|gly	k1028
53573_AEKO01000007	651058	652485	ala|gly	k1029
54023_AENP01000018	40238	41473	cys	k1030
54025_AEKL01000070	2794	4218	ala	k1031
54029_AEXS01000069	2098	3621	ala	k1032
54029_AEXS01000159	26028	27563	thr	k1033
54029_AEXS01000159	29277	30746	ala	k1033
59517_AENS01000005	110517	111899	ala	k1034
59517_AENS01000031	39629	41080	ala|gly	k1035
59521_AENT01000024	185997	187388	ala	k1036
59527_AEXR01000007	165344	166786	ala	k1037
59527_AEXR01000010	42529	43899	ala	k1038
59527_AEXR01000014	2	1171	cys	k1039
59527_AEXR01000024	160436	161719	d-cys	k1040
59527_AEXR01000038	2785	4233	ala	k1041
59527_AEXR01000038	51685	53157	abu|iva	k1042
60373_AEXJ01000017	143106	144512	ala	k1043
60375_AEXK01000030	95334	96740	ala	k1044
61827_AFDH01000014	366	1556	ala	k1045
61827_AFDH01000024	476	850	ala	k1046
61827_AFDH01000030	37406	38857	leu	k1047
61827_AFDH01000030	41380	42051	dab	k1047
61827_AFDH01000031	14656	16128	leu|val	k1048
61827_AFDH01000031	17830	19287	leu	k1048
61827_AFDH01000031	21165	22619	gly	k1048
61827_AFDH01000031	24507	25973	ala	k1048
61827_AFDH01000031	29215	30717	ser	k1048
61827_AFDH01000031	32473	34065	ala	k1048
61827_AFDH01000031	37170	38639	gly	k1048
61827_AFDH01000048	3	980	leu	k1049
61827_AFDH01000054	25003	26544	ala	k1050
61827_AFDH01000056	97372	98829	ala	k1051
61827_AFDH01000057	2	1183	ala	k1052
61827_AFDH01000057	4196	5659	ala	k1052
61827_AFDH01000057	7361	8770	val	k1052
61827_AFDH01000057	11801	13234	phe	k1052
61827_AFDH01000057	16262	17773	ala	k1052
61827_AFDH01000062	272	1735	ala	k1053
61827_AFDH01000083	4020	5531	dab	k1054
61827_AFDH01000088	19979	21454	ile	k1055
61827_AFDH01000088	23114	24595	ser	k1055
61827_AFDH01000088	26312	27760	ser	k1055
61827_AFDH01000088	35127	36617	ala	k1055
61827_AFDH01000088	38412	39866	gly	k1055
61827_AFDH01000093	3	740	dab	k1056
61827_AFDH01000093	2913	3308	horn	k1056
61827_AFDH01000097	98445	99950	dab	k1057
61827_AFDH01000130	2640	4289	dab	k1058
61827_AFDH01000130	5931	7400	ile	k1058
61827_AFDH01000130	10464	11909	leu	k1058
61827_AFDH01000130	14405	14803	horn	k1058
61827_AFDH01000132	4579	6069	thr	k1059
61827_AFDH01000132	7846	9327	ala	k1059
61827_AFDH01000141	174	587	ala	k1060
61831_AFTL01000008	23112	24536	ala	k1061
61837_AFUS01000004	432074	433453	ala	k1062
61837_AFUS01000004	433459	433518	ala	k1062
62345_AKGI01000003	196129	197517	ala|gly	k1063
62345_AKGI01000013	97867	99318	ala	k1064
62345_AKGI01000025	112905	114353	val	k1065
62345_AKGI01000025	115974	117398	ala	k1065
62347_AKGJ01000029	121713	123161	val	k1066
62347_AKGJ01000029	124782	126206	ala	k1066
62347_AKGJ01000032	10409	11860	ala	k1067
62347_AKGJ01000036	3345	4733	ala|gly	k1068
62349_AKGK01000003	196228	197616	ala|gly	k1069
62349_AKGK01000057	136792	138240	val	k1070
62349_AKGK01000057	139861	141285	ala	k1070
62349_AKGK01000058	98931	100382	ala	k1071
62351_AKGL01000008	41013	42464	ala	k1072
62351_AKGL01000043	64982	66430	val	k1073
62351_AKGL01000043	68051	69475	ala	k1073
62351_AKGL01000047	42662	44050	ala|gly	k1074
62353_AKGM01000007	40841	42265	ala	k1075
62353_AKGM01000007	43886	45334	val	k1075
62353_AKGM01000009	155982	157370	ala|gly	k1076
62353_AKGM01000031	10444	11895	ala	k1077
62355_AKGN01000032	93483	94871	ala|gly	k1078
62355_AKGN01000046	83695	85146	ala	k1079
62355_AKGN01000047	53734	55158	ala	k1080
62355_AKGN01000047	56779	58227	val	k1080
62357_AKGO01000074	298774	300162	ala|gly	k1081
62357_AKGO01000075	79087	80535	val	k1082
62357_AKGO01000075	82156	83580	ala	k1082
62357_AKGO01000075	258824	260275	ala	k1083
62359_AKGP01000012	79456	80844	ala|gly	k1084
62359_AKGP01000021	31253	32677	ala	k1085
62359_AKGP01000021	34298	35746	val	k1085
62359_AKGP01000026	40476	41927	ala	k1086
62361_AKGQ01000039	133389	134777	ala|gly	k1087
62361_AKGQ01000050	84238	85689	ala	k1088
62361_AKGQ01000051	17693	19117	ala	k1089
62361_AKGQ01000051	20738	22186	val	k1089
62363_AKGR01000007	41346	42797	ala	k1090
62363_AKGR01000012	58512	59936	ala	k1091
62363_AKGR01000012	61557	63005	val	k1091
62363_AKGR01000023	81514	82902	ala|gly	k1092
62365_AKGS01000039	42657	44045	ala|gly	k1093
62365_AKGS01000047	41057	42508	ala	k1094
62365_AKGS01000049	40124	41548	ala	k1095
62365_AKGS01000049	43169	44617	val	k1095
62369_AKGT01000004	139821	141209	ala|gly	k1096
62369_AKGT01000046	110603	112054	ala	k1097
62369_AKGT01000049	33320	34744	ala	k1098
62369_AKGT01000049	36365	37813	val	k1098
62371_AKGU01000058	40523	41974	ala	k1099
62371_AKGU01000058	215019	216443	ala	k1100
62371_AKGU01000058	218064	219512	val	k1100
62371_AKGU01000065	93386	94774	ala|gly	k1101
62373_AKGV01000017	42210	43598	ala|gly	k1102
62373_AKGV01000036	77868	79319	ala	k1103
62373_AKGV01000049	18128	19552	ala	k1104
62373_AKGV01000049	21173	22621	val	k1104
62375_AKGW01000036	62364	63788	ala	k1105
62375_AKGW01000036	65409	66857	val	k1105
62375_AKGW01000039	29706	31157	ala	k1106
62375_AKGW01000043	23096	24484	ala|gly	k1107
62377_AKGX01000022	105999	107387	ala|gly	k1108
62377_AKGX01000030	67610	69058	val	k1109
62377_AKGX01000030	70679	72103	ala	k1109
62377_AKGX01000043	40517	41968	ala	k1110
62379_AKGY01000034	40973	42424	ala	k1111
62379_AKGY01000036	66596	68044	val	k1112
62379_AKGY01000036	69665	71089	ala	k1112
62379_AKGY01000044	25663	27051	ala|gly	k1113
62381_AKGZ01000002	153806	155194	ala|gly	k1114
62381_AKGZ01000032	40783	42234	ala	k1115
62381_AKGZ01000034	33332	34756	ala	k1116
62381_AKGZ01000034	36377	37825	val	k1116
62383_AKHA01000014	23109	24497	ala|gly	k1117
62383_AKHA01000028	85246	86697	ala	k1118
62383_AKHA01000029	40680	42104	ala	k1119
62383_AKHA01000029	43725	45173	val	k1119
62385_AKHB01000022	103067	104518	ala	k1120
62385_AKHB01000039	38905	40329	ala	k1121
62385_AKHB01000039	41950	43398	val	k1121
62385_AKHB01000045	42473	43861	ala|gly	k1122
62387_AKHC01000040	77894	79345	ala	k1123
62387_AKHC01000045	69768	71156	ala|gly	k1124
62387_AKHC01000046	40087	41511	ala	k1125
62387_AKHC01000046	43132	44580	val	k1125
62389_AKHD01000034	84178	85629	ala	k1126
62389_AKHD01000035	59241	60665	ala	k1127
62389_AKHD01000035	62286	63734	val	k1127
62389_AKHD01000044	3237	4625	ala|gly	k1128
62391_AKHE01000026	25236	26660	ala	k1129
62391_AKHE01000026	28281	29729	val	k1129
62391_AKHE01000035	2967	4355	ala|gly	k1130
62391_AKHE01000086	84219	85670	ala	k1131
62395_AKHF01000067	40997	42448	ala	k1132
62395_AKHF01000107	18210	19634	ala	k1133
62395_AKHF01000107	21255	22703	val	k1133
62395_AKHF01000110	42636	44024	ala|gly	k1134
64677_AFIM01000018	434	1861	ala|gly	k1135
64679_AFUB01000066	38042	39478	ala|gly	k1136
64681_AFIN01000006	4979	6424	ala|gly	k1137
64683_AGUC01000015	18005	19393	ala|gly	k1138
64683_AGUC01000051	44870	46294	ala	k1139
64683_AGUC01000051	47915	49363	val	k1139
64683_AGUC01000060	27876	29327	ala	k1140
64685_AFIK01000082	5748	7211	ala	k1141
64685_AFIK01000082	9334	10356	ala	k1141
64687_AFIL01000044	42007	43254	ala	k1142
64687_AFIL01000044	45158	46621	ala	k1142
64693_AFUQ01000004	41797	43233	ala|gly	k1143
64719_JH379529	179929	181395	ala	k1144
64719_JH379561	6559	7971	ala	k1145
64721_JH379174	63084	64550	ala	k1146
64721_JH379181	6559	7971	ala	k1147
64725_GL892032	2	178	ala	k1148
64725_GL892032	163	1389	asn	k1148
64725_GL892032	199896	201134	ala	k1149
64725_GL892032	728633	730063	dhb|sal	k1150
64725_GL892032	2612125	2613546	val	k1151
64725_GL892032	2715420	2716871	leu	k1152
64725_GL892032	2720790	2722223	gln	k1152
64725_GL892032	2723943	2725403	ala	k1152
64725_GL892032	2727140	2728591	ala	k1152
64725_GL892032	3666565	3668118	ala	k1153
64725_GL892032	3669799	3671259	gly	k1153
64729_GL985622	140567	142021	ala	k1154
64735_GL982488	977948	979258	ala	k1155
64735_GL982488	1840737	1842218	ala	k1156
64735_GL982489	1029804	1031201	ala	k1157
64743_GL982553	320193	321584	phe	k1158
64743_GL982553	323319	324650	aad	k1158
64743_GL982553	328492	329958	ser	k1158
64743_GL982555	86403	87830	ala|gly	k1159
64749_GL982997	931258	932745	ala	k1160
64749_GL982997	1092409	1093842	dhb|sal	k1161
64749_GL982998	102582	104030	ala	k1162
64749_GL982998	251317	252756	ala	k1163
64749_GL982998	612744	614210	dhb|sal	k1164
64749_GL982999	671564	672967	ala	k1165
64801_JH724080	53059	54537	ala	k1166
64803_JH724086	1166299	1167777	ala	k1167
64803_JH724087	817271	818683	ala	k1168
64803_JH724090	355526	357049	dhb|sal	k1169
64805_JH724113	225655	227133	ala	k1170
64807_JH724137	233402	234880	ala	k1171
64809_JH724153	251657	253093	ala	k1172
64809_JH724156	12475	13953	ala	k1173
64811_JH724173	608363	609841	ala	k1174
64811_JH724173	2193515	2194957	ala	k1175
64811_JH724174	90121	91530	ala	k1176
64811_JH724174	489925	491349	ala	k1177
64811_JH724178	68087	69610	dhb|sal	k1178
64813_JH724181	543882	545405	dhb|sal	k1179
64813_JH724181	1223364	1224842	ala	k1180
64813_JH724182	84794	86203	ala	k1181
64813_JH724182	484598	486022	ala	k1182
64813_JH724183	119486	120928	ala	k1183
64815_JH724188	1955505	1956983	ala	k1184
64815_JH724189	914744	916168	ala	k1185
64815_JH724189	1249433	1250842	ala	k1186
64815_JH724191	75440	76963	dhb|sal	k1187
64817_JH724193	596896	598374	ala	k1188
64817_JH724194	215269	216693	ala	k1189
64817_JH724197	331385	332908	dhb|sal	k1190
64817_JH724200	115591	117000	ala	k1191
64819_JH724206	2733917	2735395	ala	k1192
64819_JH724206	3540001	3541524	dhb|sal	k1193
64819_JH724208	86751	88160	ala	k1194
64819_JH724208	425715	427139	ala	k1195
64821_JH724215	673256	674734	ala	k1196
64821_JH724217	89207	90616	ala	k1197
64821_JH724217	426437	427861	ala	k1198
64821_JH724218	136093	137616	dhb|sal	k1199
64823_JH724314	1079247	1080725	ala	k1200
64829_JH724307	1423010	1424488	ala	k1201
64829_JH724307	2475498	2477021	dhb|sal	k1202
64833_JH724260	145822	147186	thr	k1203
64833_JH724260	1952825	1954264	ala	k1204
64835_JH724268	973609	974973	thr	k1205
64835_JH724269	530475	531914	ala	k1206
64845_KB851187	1456853	1458280	ile	k1207
64845_KB851189	133054	134220	cys	k1208
64845_KB851189	141061	142389	cys	k1208
64845_KB851189	144109	145512	cys	k1208
64845_KB851189	149564	150961	d-cys	k1208
64847_KB851182	4273501	4274940	ile	k1209
64847_KB851182	4588632	4589990	ala	k1210
64849_KB851180	122909	124267	ala	k1211
64849_KB851180	416339	417778	ile	k1212
64851_KB851162	101914	103311	d-cys	k1213
64851_KB851162	107363	108766	cys	k1213
64851_KB851162	110486	111814	cys	k1213
64851_KB851162	118655	119821	cys	k1213
64851_KB851174	109803	111230	ile	k1214
64853_KB851149	419536	420933	d-cys	k1215
64853_KB851149	424985	426388	cys	k1215
64853_KB851149	428108	429436	cys	k1215
64853_KB851149	436277	437443	cys	k1215
64853_KB851155	365053	366492	ile	k1216
64855_KB851131	159442	160908	ala	k1217
64857_KB851122	238207	239655	ile	k1218
64859_KB851058	636405	637853	ile	k1219
64861_KB851107	122631	124079	ile	k1220
64863_KB851038	207614	209062	ile	k1221
64865_KB851048	618112	619551	ile	k1222
64867_KB850987	216622	218070	ile	k1223
64869_KB850970	209660	211108	ile	k1224
64871_KB850936	1676482	1677930	ile	k1225
64881_KB446646	411162	412595	ala	k1226
64883_JH976495	222838	224352	ala	k1227
64883_JH976496	471265	472692	ala	k1228
64885_JH976489	673544	675058	ala	k1229
64887_JH976471	987009	988418	ala	k1230
64887_JH976472	1105807	1107285	ala	k1231
64889_JH976465	655515	657029	ala	k1232
64891_JH976458	29089	30603	ala	k1233
64893_JH976527	31957	33471	ala	k1234
64899_KB373321	218576	220012	ala|gly	k1235
64901_KB373314	1270606	1272042	ala|gly	k1236
64903_CM001798	1707856	1709322	ala	k1237
64905_KB445544	1012416	1013882	ala	k1238
64911_CM001796	1627776	1629242	ala	k1239
64913_CM001794	799515	800981	ala	k1240
64915_CM001795	1630630	1632096	ala	k1241
64919_CM001797	1303469	1304935	ala	k1242
64921_KE332533	1707461	1708927	ala	k1243
64923_KE332527	1071971	1073437	ala	k1244
64929_KE332519	1113252	1114718	ala	k1245
64933_KB454450	88394	89860	ala	k1246
65121_GL892049	993050	994591	dhb|sal	k1247
65127_JH379511	181800	183242	ala|gly	k1248
65129_JH556647	752147	753577	ala	k1249
65129_JH556650	346021	347505	hpg|hpg2cl	k1250
65133_JH417874	375204	376676	ser	k1251
65135_JH379297	370176	371588	ala	k1252
65135_JH379326	5864	7321	ala	k1253
65579_AFUK01000001	2172081	2173103	ala	k1254
65579_AFUK01000001	2175226	2176689	ala	k1254
65581_AFNM01000028	128756	130192	ala|gly	k1255
65583_AFNN01000023	52675	54111	ala|gly	k1256
65585_AFUL01000001	1530805	1532250	ala|gly	k1257
66111_AFQT01000032	248750	250186	ala|gly	k1258
66113_AFQV01000029	11566	13002	ala|gly	k1259
66915_JH164926	1970126	1971634	ala	k1260
67177_AFUP01000006	60115	60696	ala	k1261
67177_AFUP01000009	108515	109942	ala|gly	k1262
67179_AFUC01000012	23842	25278	ala|gly	k1263
67183_AFUD01000006	24962	26398	ala|gly	k1264
67185_AFUE01000005	232071	233498	ala|gly	k1265
67187_AFUF01000014	36091	37527	ala|gly	k1266
67191_AFUT01000002	20372	21808	ala|gly	k1267
67193_AFUU01000003	959107	960543	ala|gly	k1268
67195_KB291729	197062	198462	ser	k1269
67197_KB291457	9540	11009	dhb|sal	k1270
67201_KB290820	155433	156857	thr	k1271
67201_KB290820	159826	161202	ala	k1271
67201_KB290820	163102	164463	ala	k1271
67201_KB290820	167329	168741	pro	k1271
67201_KB290820	170581	172005	ala	k1271
67201_KB290820	173789	175228	ala	k1271
67201_KB290824	199798	201129	ala	k1272
67201_KB290831	846280	847641	ala	k1273
67203_KB290759	126077	127486	ala	k1274
67203_KB290773	11591	13108	ala	k1275
67205_KB290717	52184	53653	ala	k1276
70153_JH600015	37455	38828	ser	k1277
71509_JH815591	1752082	1753458	gly	k1278
71509_JH815591	1756860	1758266	ala	k1278
71509_JH815591	1761104	1762480	lys	k1278
71509_JH815591	3871196	3872608	thr	k1279
71513_JH815580	648870	650333	ser	k1280
71515_JH823256	2468513	2469976	ser	k1281
71517_JH815584	1199518	1200981	ser	k1282
71519_JH815589	2035811	2037274	ser	k1283
71525_JH815482	1126281	1127699	ala	k1284
71525_JH815482	1611972	1613405	ala	k1285
71525_JH815483	1621498	1622976	ala	k1286
71527_JH815491	845195	846673	ala	k1287
71527_JH815491	1539838	1541361	dhb|sal	k1288
71527_JH815492	432343	433767	ala	k1289
71527_JH815492	775050	776459	ala	k1290
71529_JH815524	2518065	2519513	ala	k1291
71529_JH815524	2553636	2555054	ala	k1292
71529_JH815525	178679	180112	ala	k1293
71529_JH815525	2391286	2392764	ala	k1294
71531_KE340309	869859	871337	ala	k1295
72477_KE150404	170311	171732	ala	k1296
72477_KE150404	797488	799059	ala	k1297
72477_KE150404	1141060	1142520	ala	k1298
72477_KE150404	2355696	2357090	cys	k1299
72483_KE150412	13170	14633	ala	k1300
72483_KE150412	16335	17744	val	k1300
72483_KE150412	20775	22208	phe	k1300
72483_KE150412	25236	26747	ala	k1300
72483_KE150412	273099	274550	leu	k1301
72483_KE150412	282748	284217	ile	k1301
72483_KE150412	287281	288726	leu	k1301
72483_KE150412	291351	291674	orn	k1301
72483_KE150412	291673	291717	dab	k1301
72483_KE150412	304782	306293	dab	k1301
72483_KE150412	342018	343508	thr	k1302
72483_KE150412	345285	346766	ala	k1302
72483_KE150412	2048354	2049859	dab	k1303
72483_KE150412	2051531	2052994	ala	k1303
72483_KE150412	2055004	2056545	ala	k1303
72483_KE150413	2240818	2242287	gly	k1304
72483_KE150413	2245392	2246984	ala	k1304
72483_KE150413	2248740	2250242	ser	k1304
72483_KE150413	2253484	2254950	ala	k1304
72483_KE150413	2256838	2258292	gly	k1304
72483_KE150413	2260170	2261627	leu	k1304
72483_KE150413	2263329	2264801	leu|val	k1304
72483_KE150413	2681797	2683254	ala	k1305
72483_KE150413	2816212	2817666	gly	k1306
72483_KE150413	2819461	2820951	ala	k1306
72483_KE150413	2828318	2829766	ser	k1306
72483_KE150413	2831483	2832964	ser	k1306
72483_KE150413	2834624	2836099	ile	k1306
72483_KE150413	2942652	2943122	ala	k1307
72485_KE150417	432742	434133	ala	k1308
72485_KE150418	272375	273811	leu|val	k1309
72485_KE150418	275447	276829	ala	k1309
72485_KE150418	454023	455402	ala	k1310
72489_KE150421	115608	117080	ala	k1311
72489_KE150421	207786	209324	dhb|sal	k1312
72489_KE150421	679397	680782	dhb|sal	k1313
72489_KE150421	1680306	1681775	dhb|sal	k1314
72489_KE150422	163274	164722	ala	k1315
72491_KE150426	1708069	1709493	ala	k1316
72491_KE150426	2070477	2071934	dhb|sal	k1317
72491_KE150426	2150054	2151466	ala	k1318
72491_KE150426	2389543	2390982	val	k1319
72491_KE150427	814822	816231	ala	k1320
72491_KE150427	1028176	1029582	thr	k1321
72491_KE150427	1033138	1034550	ala	k1321
72491_KE150427	1036264	1037724	ser	k1321
72491_KE150427	1040922	1042442	orn	k1321
72491_KE150427	1044213	1045739	ala	k1321
72491_KE150427	2006269	2007597	ala	k1322
72491_KE150428	749899	751278	ala	k1323
72497_KB905487	1396151	1397629	ala	k1324
75125_AICP01000001	5174	6631	d-cys	k1325
75125_AICP01000039	14110	15438	cys	k1326
75125_AICP01000039	17346	18746	cys	k1326
75125_AICP01000047	24941	26368	ala|gly	k1327
75127_AICQ01000039	65974	67401	ala|gly	k1328
75129_AICR01000121	14572	16008	ala|gly	k1329
75131_AICS01000192	6601	8037	ala|gly	k1330
75133_AICT01000010	141457	142896	ala|gly	k1331
75135_AICU01000054	88066	89502	ala|gly	k1332
75141_AJMT01000036	3933	5387	ala	k1333
75147_AJMU01000049	8632	10179	ala	k1334
75149_AJMV01000098	5426	6862	ala|gly	k1335
75151_AJGH01000091	21278	22684	ala	k1336
75155_AJKN01000004	215694	217118	ser	k1337
75155_AJKN01000004	220627	222051	phe	k1337
75155_AJKN01000008	131341	132768	ala|gly	k1338
75157_AJJL01000071	15020	16456	ala|gly	k1339
75159_AJKE01000081	1207	2643	ala|gly	k1340
75161_AJKO01000023	2	748	ala	k1341
75163_AJKP01000026	10656	12092	ala|gly	k1342
75167_AJKQ01000006	220728	222164	ala|gly	k1343
75169_AJML01000037	22254	23690	ala|gly	k1344
75171_AJMM01000003	20991	22430	ala|gly	k1345
75173_AJMW01000018	82540	84090	ala	k1346
75175_AJTC01000008	3447	4997	ala	k1347
78557_ALJJ01000007	90844	91878	ala	k1348
78559_ALJL01000024	84839	86257	ala	k1349
78561_AKFU01000053	97117	98469	ala	k1350
78567_ALNJ01000072	33823	35304	ser	k1351
78569_AJZT01000010	303716	305158	ala	k1352
78571_ALJQ01000010	8335	9831	ala	k1353
78571_ALJQ01000026	99707	101113	ala	k1354
78577_ALKH01000002	86880	88319	ala|gly	k1355
78579_ALKI01000011	67493	68920	ala|gly	k1356
78583_ALNL01000035	73271	74701	ala	k1357
78585_ALNM01000046	61725	63137	dhb|sal	k1358
78587_ALNN01000015	35589	37070	ala	k1359
78589_ALNO01000005	166649	167962	ala	k1360
78589_ALNO01000007	237099	238445	ala	k1361
78589_ALNO01000018	86369	87736	ala	k1362
78607_AWWB01000021	16314	17759	ala|gly	k1363
78617_AWTE01000046	15456	16901	ala|gly	k1364
78619_AWTF01000019	20253	21698	ala|gly	k1365
78621_AWTG01000029	17601	19046	ala|gly	k1366
78623_AWTH01000026	25034	26479	ala|gly	k1367
78629_AWTK01000027	15995	17440	ala|gly	k1368
78631_AWTL01000018	13340	14785	ala|gly	k1369
78633_AWTY01000044	15995	17440	ala|gly	k1370
78635_AWTZ01000004	78151	79596	ala|gly	k1371
78637_AWUA01000027	45497	46942	ala|gly	k1372
78639_AWUB01000024	36916	38361	ala|gly	k1373
78641_AWUC01000023	45508	46953	ala|gly	k1374
78643_AWUD01000020	16537	17982	ala|gly	k1375
78897_AKFT01000128	12460	14022	d-cys	k1376
78897_AKFT01000128	17059	18327	cys	k1376
78897_AKFT01000128	25254	26513	cys	k1376
78899_AKFV01000009	9669	11138	dhb|sal	k1377
78901_AKFR01000010	32626	34095	dhb|sal	k1378
78903_AJZR01000049	71371	72840	dhb|sal	k1379
78909_AJJQ01000038	11628	13163	ser	k1380
78963_JH815185	907004	908422	ala	k1381
80239_KB291541	11597	13012	ala	k1382
80241_KB291526	5895	7364	dhb|sal	k1383
80243_KB291305	13218	14681	dhb|sal	k1384
80245_KB291206	5980	7449	dhb|sal	k1385
81957_JH805599	28794	30218	ala	k1386
81959_JH805866	28763	30187	ala	k1387
81961_JH806025	34623	36047	ala	k1388
81963_JH806210	28767	30191	ala	k1389
81965_JH806306	28763	30187	ala	k1390
81967_JH806384	28765	30189	ala	k1391
81969_JH806107	28767	30191	ala	k1392
81971_JH805904	34608	36032	ala	k1393
81973_JH805762	34623	36047	ala	k1394
81975_JH805680	28765	30189	ala	k1395
81977_JH805362	28763	30187	ala	k1396
81979_JH805271	28765	30189	ala	k1397
81981_JH805472	34623	36047	ala	k1398
81983_JH805223	34568	35992	ala	k1399
81985_JH805047	28765	30189	ala	k1400
81987_JH804839	28767	30191	ala	k1401
81989_JH804938	28767	30191	ala	k1402
81991_JH804761	34597	36021	ala	k1403
81993_JH804714	67452	68867	ala	k1404
81995_JH809495	100055	101470	ala	k1405
81997_JH811476	48113	49528	ala	k1406
81999_JH813136	50486	51901	ala	k1407
82001_JH813808	18527	19942	ala	k1408
82003_JH814026	18527	19942	ala	k1409
82005_JH814531	18527	19942	ala	k1410
82007_JH812856	18527	19942	ala	k1411
82009_JH812927	6832	8247	ala	k1412
82011_JH812371	18527	19942	ala	k1413
82015_JH812456	68051	69466	ala	k1414
82017_JH811654	18527	19942	ala	k1415
82019_JH812014	64144	65559	ala	k1416
82021_JH813403	45321	46736	ala	k1417
82023_JH813496	18527	19942	ala	k1418
82025_JH814211	18527	19942	ala	k1419
82027_JH813653	18527	19942	ala	k1420
82029_JH811944	18523	19938	ala	k1421
82031_JH811261	18527	19942	ala	k1422
82033_JH811049	15670	17085	ala	k1423
82035_JH809712	18527	19942	ala	k1424
82037_JH809869	8571	9986	ala	k1425
82039_JH811310	8571	9986	ala	k1426
82041_JH810817	8571	9986	ala	k1427
82043_JH810406	18527	19942	ala	k1428
82045_JH810624	14753	16168	ala	k1429
82047_JH810083	18526	19941	ala	k1430
82049_JH809179	18527	19942	ala	k1431
82051_JH809101	18523	19938	ala	k1432
82053_JH808826	76737	78152	ala	k1433
82055_JH808431	18527	19942	ala	k1434
82057_JH808060	18527	19942	ala	k1435
82059_JH807807	24675	26090	ala	k1436
82061_JH808673	18527	19942	ala	k1437
82063_JH807715	100048	101463	ala	k1438
82065_JH807512	45294	46709	ala	k1439
82067_JH807139	18527	19942	ala	k1440
82069_JH807054	45506	46921	ala	k1441
82071_JH806692	6832	8247	ala	k1442
82073_JH806467	67255	68646	ala|gly	k1443
82073_JH806468	63293	64753	trp	k1444
82073_JH806468	66416	67828	ile	k1444
82073_JH806496	11505	12956	ala	k1445
82073_JH806532	67019	68392	ala	k1446
86755_AKHL01000008	26044	27432	ala|gly	k1447
86755_AKHL01000037	25529	26980	ala	k1448
86755_AKHL01000039	40558	41982	ala	k1449
86755_AKHL01000039	43603	45051	val	k1449
86757_AKHK01000007	4546	5934	ala|gly	k1450
86757_AKHK01000027	41011	42462	ala	k1451
86757_AKHK01000030	27737	29161	ala	k1452
86757_AKHK01000030	30782	32230	val	k1452
86759_AKHJ01000009	25717	27105	ala|gly	k1453
86759_AKHJ01000028	41010	42461	ala	k1454
86759_AKHJ01000035	18172	19596	ala	k1455
86759_AKHJ01000035	21217	22665	val	k1455
86761_AKHI01000008	26078	27466	ala|gly	k1456
86761_AKHI01000028	73528	74976	val	k1457
86761_AKHI01000028	76597	78021	ala	k1457
86761_AKHI01000030	52064	53515	ala	k1458
86763_AKHH01000009	40963	42414	ala	k1459
86763_AKHH01000014	18194	19618	ala	k1460
86763_AKHH01000014	21239	22687	val	k1460
86763_AKHH01000028	61595	62983	ala|gly	k1461
86765_AKHG01000010	61555	62943	ala|gly	k1462
86765_AKHG01000023	19295	20743	val	k1463
86765_AKHG01000023	22364	23788	ala	k1463
86765_AKHG01000029	12868	14319	ala	k1464
89165_KB371124	56979	58415	ala|gly	k1465
89167_KB371169	2947	4383	ala|gly	k1466
89171_KB371230	112156	113592	ala|gly	k1467
89173_KB371259	232163	233599	ala|gly	k1468
89175_KB371357	6683	8119	ala|gly	k1469
89177_KB371478	52797	54233	ala|gly	k1470
89179_KB371509	116206	117642	ala|gly	k1471
89181_KB371585	5599	7035	ala|gly	k1472
89183_KB372113	6925	8361	ala|gly	k1473
89185_KB371816	2615	4051	ala|gly	k1474
89187_KB371854	1312521	1313957	ala|gly	k1475
89189_KB371984	7466	8902	ala|gly	k1476
89191_KB372029	743769	745205	ala|gly	k1477
89193_KB742158	2156	3592	ala|gly	k1478
89195_KB742117	2156	3592	ala|gly	k1479
89197_KB742374	24233	25669	ala|gly	k1480
89199_KB372212	2385	3821	ala|gly	k1481
89201_KB741938	2156	3592	ala|gly	k1482
89203_KB372439	6581	8017	ala|gly	k1483
89205_KB372573	23161	24597	ala|gly	k1484
89207_KB372762	2342	3778	ala|gly	k1485
89615_ALJN01000021	29852	31288	ala|gly	k1486
89617_ALJO01000004	101543	102979	ala|gly	k1487
89623_AWUR01000016	5281	6678	ala	k1488
89627_AWUP01000021	112236	113651	ala	k1489
89635_AWXD01000007	39783	41186	ala	k1490
89635_AWXD01000008	85029	86246	cys	k1491
89637_AWXB01000058	29995	31254	ala	k1492
89643_AZIR01000056	39154	40581	ala|gly	k1493
89653_AZKM01000008	209212	210624	ala	k1494
89653_AZKM01000029	106259	107683	ala	k1495
