33073_GL891957_65518_67038	25.25
38509_GG704572_1061018_1062538	25.25
31335_ACYI01000068_39731_40786	29.46
33071_GL891647_66836_68356	25.05
33017_GL891612_108062_109582	25.05
34067_ACNO01000001_713028_714470	30.18
40007_JH414757_275050_276525	27.78
41947_GG753600_610232_611752	26.09
33143_GG698602_1326721_1328085	27.22
19923_ACCK01000328_5_586	62.89
42757_ADMM01000075_974_2140	51.61
75147_AJMU01000049_8632_10179	28.04
75151_AJGH01000091_21278_22684	24.54
220577_NZ_AVQI01000084_159166_160650	25.70
38737_GG739928_7775_9271	27.38
39415_GL520220_489368_490870	24.76
39391_JH815238_529620_531122	24.76
18173_AAXG02000055_30820_32262	26.14
34071_ADCD01000095_80918_82378	27.67
40003_GL635753_93563_95029	27.57
40003_GL635753_358182_359600	28.69
80241_KB291526_5895_7364	26.12
71525_JH815483_1621498_1622976	25.30
30475_ACEQ02000009_43512_44984	27.36
32433_EQ973214_215410_216888	25.30
43117_JH114215_300217_301608	26.35
67205_KB290717_52184_53653	26.39
78903_AJZR01000049_71371_72840	27.16
170040_NZ_AJZR01000049_71371_72840	27.16
53023_GL872413_1402733_1404214	27.18
72497_KB905487_1396151_1397629	26.89
38739_GL636025_141040_142503	26.35
31445_GG700815_43299_44726	27.82
170347_KE150491_249779_251248	27.02
34083_ACPZ01000067_68626_70068	26.07
66915_JH164926_1970126_1971634	26.45
41985_KE150242_502140_503621	27.77
170352_KB905472_999313_1000842	27.13
170352_KB905472_2911793_2913271	25.98
40717_GL883075_9_893	32.37
80245_KB291206_5980_7449	25.92
169492_KE332515_1247904_1249382	25.35
52145_JH603147_181762_183192	28.25
38355_GG730107_943043_944407	24.95
31013_ACFR01000001_9159_10613	25.60
31387_ACLQ01000034_25917_27398	26.79
40009_GL622548_121049_122527	26.10
27827_DS995511_879747_881225	26.10
220932_NZ_AWEY01000007_161916_163403	25.79
18211_DS480320_39718_41148	25.96
34081_ACVR01000076_20991_22502	26.82
38345_GG705132_597765_599276	26.82
38345_GG705132_702076_703569	30.41
30997_ABZV01000005_165675_167144	25.71
19859_DS499669_62925_64403	25.59
52191_KE340320_85206_86690	28.02
38347_GG705210_610925_612403	24.95
40013_GL945043_608381_609859	24.95
64817_JH724193_596896_598374	24.95
64815_JH724188_1955505_1956983	24.95
32441_JH636044_633148_634626	24.95
64821_JH724215_673256_674734	24.95
64823_JH724314_1079247_1080725	26.52
34583_ADNU01000046_100221_101648	28.20
52189_KE161015_82996_84480	27.81
78587_ALNN01000015_35589_37070	27.57
78901_AKFR01000010_32626_34095	26.61
34067_ACNO01000069_4741_6255	28.99
64835_JH724268_973609_974973	27.10
67197_KB291457_9540_11009	26.96
71531_KE340309_869859_871337	25.59
65129_JH556650_346021_347505	26.92
169459_KE340302_841652_843166	26.10
51495_GL833119_836231_837745	26.10
78899_AKFV01000009_9669_11138	25.71
75173_AJMW01000018_82540_84090	23.96
51493_GL573160_774486_775955	25.71
75175_AJTC01000008_3447_4997	23.96
31383_CP002122_1508665_1510161	27.40
50525_GL397187_802090_803562	28.40
52193_JH590834_85537_86985	28.02
52193_JH590834_2845687_2847120	24.45
47241_GG772146_151562_152992	31.61
52187_JH815536_90562_92010	28.02
52195_JH590837_84819_86267	28.02
42555_CP001850_1221076_1222524	29.45
53197_GL872339_1405509_1407059	23.96
38359_GG698741_226971_228485	26.73
52187_JH815535_1452652_1454085	26.94
30479_ADBE01000055_8969_10441	26.54
64891_JH976458_29089_30603	26.11
64885_JH976489_673544_675058	26.73
38351_GG705151_553589_555103	26.73
18193_DS264527_27392_28906	26.11
64893_JH976527_31957_33471	26.11
42541_KI391947_214802_216244	26.21
32437_EQ973177_591239_592753	26.53
52189_KE161016_640408_641841	26.63
64883_JH976495_222838_224352	26.53
41951_GG774761_227353_228867	26.53
52195_JH590838_474053_475486	26.63
30007_DS996456_372983_374497	26.50
64889_JH976465_655515_657029	26.50
32439_EQ973362_113949_115427	26.55
30371_EQ973649_1924_3402	25.65
30493_EQ973317_680950_682389	27.24
52191_KE340319_401300_402733	25.81
18159_DS264283_84784_86217	26.71
29299_GG705265_158845_160290	27.13
30469_ACDY02000016_8249_9712	26.10
18157_DS264384_34193_35629	26.46
64887_JH976472_1105807_1107285	26.04
40707_ADWT01000077_13724_15154	31.82
40713_ADWV01000016_17213_18643	31.82
40701_ADWR01000003_6996_8426	31.82
47219_GG771630_74279_75709	31.82
40699_ADWQ01000002_267588_269018	31.82
47217_GG773293_4825_6255	31.82
47265_GG771972_74623_76053	31.82
39419_JH414691_136767_138203	26.21
18163_AAVM02000008_128180_129658	26.46
34081_ACVR01000046_37257_38750	30.41
64729_GL985622_140567_142021	25.90
30477_ACDX02000001_47739_49193	25.80
31521_GG770553_950383_951813	27.78
80243_KB291305_13218_14681	28.80
47271_GG774075_7733_9163	31.61
64801_JH724080_53059_54537	26.65
47263_GG773717_75096_76526	31.61
47229_GG773477_75081_76511	31.61
75141_AJMT01000036_3933_5387	25.60
30481_ACKO02000007_110260_111714	25.80
40033_JH164966_414912_416366	25.80
40007_JH414741_17440_18837	25.93
34583_ADNU01000049_52346_53839	26.32
47227_GG771790_74573_76003	32.02
32507_GG657384_915975_917405	32.02
46411_GL892006_96245_97738	27.87
34067_ACNO01000109_21318_22742	28.75
67177_AFUP01000006_60115_60696	38.28
52167_KE150292_142199_143653	28.14
52167_KE150297_18184_19221	32.67
34083_ACPZ01000068_99734_101209	25.73
80239_KB291541_11597_13012	27.35
64735_GL982489_1029804_1031201	26.75
48501_JH376599_31872_33386	26.69
34661_GG697129_385401_386780	27.56
27831_DS995532_139726_141204	25.94
64807_JH724137_233402_234880	25.94
64809_JH724156_12475_13953	25.94
64805_JH724113_225655_227133	25.94
38353_GG705229_820427_821905	25.94
32445_EQ973126_823990_825468	25.94
32451_JH114322_201198_202676	25.94
52169_KE150401_225479_226516	32.95
34583_ADNU01000039_25289_26311	31.23
61827_AFDH01000031_17830_19287	54.07
61827_AFDH01000031_37170_38639	63.36
61827_AFDH01000031_24507_25973	60.04
61827_AFDH01000031_21165_22619	61.59
61827_AFDH01000031_14656_16128	57.53
61827_AFDH01000031_29215_30717	58.13
61827_AFDH01000031_32473_34065	59.51
72483_KE150413_2260170_2261627	54.07
72483_KE150413_2240818_2242287	63.36
72483_KE150413_2253484_2254950	60.04
72483_KE150413_2256838_2258292	61.59
72483_KE150413_2831483_2832964	55.58
72483_KE150413_2263329_2264801	57.53
72483_KE150413_2828318_2829766	57.53
72483_KE150413_2248740_2250242	58.13
72483_KE150413_2245392_2246984	59.51
72483_KE150413_2819461_2820951	40.25
72483_KE150413_2834624_2836099	52.98
72483_KE150413_2816212_2817666	47.14
72483_KE150413_2681797_2683254	31.17
72483_KE150413_2942652_2943122	55.97
61827_AFDH01000030_37406_38857	63.04
61827_AFDH01000030_41380_42051	72.65
72483_KE150412_273099_274550	63.04
72483_KE150412_287281_288726	62.63
72483_KE150412_2051531_2052994	57.14
72483_KE150412_282748_284217	71.84
72483_KE150412_20775_22208	44.09
72483_KE150412_2048354_2049859	65.17
72483_KE150412_304782_306293	73.29
72483_KE150412_13170_14633	46.36
72483_KE150412_25236_26747	49.50
72483_KE150412_16335_17744	48.02
72483_KE150412_342018_343508	68.21
72483_KE150412_345285_346766	58.59
72483_KE150412_2055004_2056545	43.71
72483_KE150412_291351_291674	71.96
72483_KE150412_291673_291717	0
61827_AFDH01000130_10464_11909	62.63
61827_AFDH01000130_5931_7400	71.84
61827_AFDH01000130_2640_4289	66.32
61827_AFDH01000130_14405_14803	72.73
61827_AFDH01000062_272_1735	57.14
40005_JH414712_232260_233708	45.57
40005_JH414712_229092_230579	47.10
40005_JH414712_253087_254529	51.00
40005_JH414712_284893_286353	40.20
40005_JH414712_237236_238672	53.91
40005_JH414712_267104_268582	42.31
40005_JH414712_250227_251654	49.90
40005_JH414712_263978_265411	49.49
40005_JH414712_288061_289551	38.70
40001_GL635728_248231_249688	95.81
40001_GL635728_256388_257860	99.79
40001_GL635728_236012_237487	95.85
40001_GL635728_245102_246583	92.26
40001_GL635728_242171_243448	93.90
40001_GL635728_253475_254743	99.76
40001_GL635728_259505_261004	99.80
40001_GL635728_240647_241018	100.00
40001_GL635728_364277_365710	27.14
40001_GL635728_252777_253115	100.00
61827_AFDH01000057_11801_13234	43.88
61827_AFDH01000057_4196_5659	46.36
61827_AFDH01000057_16262_17773	49.70
61827_AFDH01000057_7361_8770	48.02
61827_AFDH01000057_2_1183	51.53
61827_AFDH01000097_98445_99950	65.17
61827_AFDH01000083_4020_5531	73.49
40005_JH414709_620841_622313	49.90
40005_JH414709_614523_615986	56.47
40005_JH414709_607972_609417	48.57
40005_JH414709_910554_912008	45.56
40005_JH414709_611155_612564	56.93
40005_JH414709_486463_487935	62.06
40005_JH414709_603380_604885	62.22
40005_JH414709_625379_626806	49.07
40005_JH414709_489643_491136	70.06
40005_JH414709_617709_619100	54.87
40005_JH414709_907509_908897	52.94
61827_AFDH01000088_23114_24595	55.58
61827_AFDH01000088_26312_27760	57.53
61827_AFDH01000088_35127_36617	40.25
61827_AFDH01000088_19979_21454	52.98
61827_AFDH01000088_38412_39866	47.14
64725_GL892032_3669799_3671259	55.32
64725_GL892032_2720790_2722223	47.84
64725_GL892032_3666565_3668118	40.31
64725_GL892032_2723943_2725403	44.17
64725_GL892032_163_1389	55.83
64725_GL892032_2_178	69.49
64725_GL892032_2715420_2716871	46.60
64725_GL892032_2727140_2728591	36.53
64725_GL892032_728633_730063	28.54
64725_GL892032_199896_201134	27.04
64725_GL892032_2612125_2613546	25.35
40005_JH414713_114329_115819	40.61
40001_GL635727_885069_886508	66.11
40001_GL635727_881817_883343	72.13
40001_GL635727_1065144_1066592	66.18
40001_GL635727_297924_299306	29.55
40001_GL635727_181305_182816	26.31
32503_ACII02000003_1908444_1909853	44.64
32503_ACII02000003_1902420_1903841	37.88
32503_ACII02000003_1905453_1906862	42.19
32503_ACII02000003_1319279_1320679	35.86
40037_JH376469_139440_140945	99.80
40037_JH376469_145709_147202	99.80
40037_JH376469_197150_198595	98.96
40037_JH376469_157135_158571	99.37
40037_JH376469_189281_190843	99.40
40037_JH376469_142514_144031	100.00
40037_JH376469_193907_195415	53.77
40037_JH376469_163365_164381	98.51
40037_JH376469_21936_23186	38.59
40037_JH376469_153909_154478	98.95
40037_JH376469_28704_29621	52.36
52169_KE150391_1149_2621	58.18
52167_KE150337_1633_3105	57.35
40037_JH376461_970507_971934	50.62
40037_JH376461_153567_154967	40.17
40037_JH376461_967372_968865	41.34
31525_CM001149_828857_830278	51.78
31525_CM001149_2623347_2624798	74.59
31525_CM001149_4746601_4748034	52.04
31525_CM001149_847634_849145	57.11
31525_CM001149_4737058_4738551	55.06
31525_CM001149_4763152_4764579	56.35
31525_CM001149_4770535_4771971	55.53
31525_CM001149_4756798_4758315	52.60
31525_CM001149_4760023_4761462	55.28
31525_CM001149_454230_455744	46.53
31525_CM001149_844466_845938	53.56
31525_CM001149_4001347_4002786	49.89
31525_CM001149_4776919_4778346	56.17
31525_CM001149_4740262_4741716	49.09
31525_CM001149_4016938_4018356	50.76
31525_CM001149_2555389_2556882	48.88
31525_CM001149_2631144_2632601	62.42
31525_CM001149_832007_833485	51.44
31525_CM001149_4767376_4768812	50.10
31525_CM001149_836645_838162	61.68
31525_CM001149_4749745_4751202	51.81
31525_CM001149_4013767_4015242	46.73
31525_CM001149_2635626_2637095	75.46
31525_CM001149_4752934_4754370	53.24
31525_CM001149_4005955_4007427	51.35
31525_CM001149_850853_852343	49.59
31525_CM001149_4743451_4744899	54.73
31525_CM001149_4009120_4010601	47.09
31525_CM001149_839900_841330	50.10
31525_CM001149_2561241_2562662	48.38
31525_CM001149_2550769_2552280	57.00
31525_CM001149_462075_463532	44.40
31525_CM001149_2564343_2565812	47.34
31525_CM001149_4773712_4775193	46.71
31525_CM001149_2626491_2628035	73.13
31525_CM001149_457443_458930	50.70
31525_CM001149_3998116_3999639	49.80
31525_CM001149_4251276_4252661	48.63
31525_CM001149_449592_451076	46.91
31525_CM001149_4257402_4258805	48.70
31525_CM001149_4254369_4255703	41.14
31525_CM001149_4266342_4267658	42.92
31525_CM001149_4260519_4261889	44.51
31525_CM001149_2844904_2846274	39.96
31525_CM001149_4263426_4264643	40.13
31525_CM001149_4848100_4849587	29.08
31525_CM001149_3727723_3729144	27.07
31525_CM001149_3956971_3958008	30.39
31525_CM001149_2266520_2267962	32.38
31525_CM001149_3697769_3699214	31.14
31525_CM001149_3681469_3682929	26.86
30953_GL379783_276688_278115	42.65
34067_ACNO01000074_3100_4536	52.67
34067_ACNO01000104_297534_298967	96.86
34067_ACNO01000104_285294_286754	96.50
34067_ACNO01000104_289797_291224	95.58
34067_ACNO01000104_294321_295856	95.16
34067_ACNO01000104_26192_27637	31.94
54029_AEXS01000159_29277_30746	59.55
54029_AEXS01000159_26028_27563	73.43
34067_ACNO01000120_130_1605	50.71
52127_KB373323_257771_259192	58.94
52127_KB373323_254699_256147	64.14
72491_KE150427_1036264_1037724	60.45
72491_KE150427_1040922_1042442	56.21
72491_KE150427_1033138_1034550	58.96
72491_KE150427_1044213_1045739	41.55
72491_KE150427_1028176_1029582	56.59
72491_KE150427_2006269_2007597	33.33
72491_KE150427_814822_816231	25.77
31521_GG770555_295681_297102	73.17
31521_GG770555_40462_41901	67.29
31521_GG770555_51253_52656	68.95
31521_GG770555_288040_289470	71.46
31521_GG770555_26141_27538	77.40
31521_GG770555_48058_49530	70.47
31521_GG770555_21677_23065	76.77
31521_GG770555_37312_38718	66.52
31521_GG770555_284875_286305	66.11
31521_GG770555_12681_14105	67.51
31521_GG770555_30985_32385	62.39
31521_GG770555_44932_46347	69.52
31521_GG770555_300163_301584	71.13
31521_GG770555_281710_283143	68.27
31521_GG770555_292504_293910	66.74
31521_GG770555_17139_18575	76.20
31521_GG770555_34147_35598	67.82
31521_GG770555_919451_920494	31.22
54029_AEXS01000069_2098_3621	39.15
34653_GL622352_822639_824060	58.72
34653_GL622352_819567_821015	64.14
34653_GL622352_52887_54257	32.98
34653_GL622352_45799_47160	26.64
34653_GL622352_33264_34610	38.30
34653_GL622352_48726_50072	26.51
34653_GL622352_41529_42923	31.03
34653_GL622352_492577_494040	24.06
72485_KE150418_275447_276829	46.20
72485_KE150418_272375_273811	55.15
72485_KE150418_454023_455402	26.05
34067_ACNO01000082_221747_223180	48.35
34067_ACNO01000082_232664_234115	50.63
34067_ACNO01000082_229502_230983	57.14
34067_ACNO01000082_133120_134532	48.96
34067_ACNO01000082_210647_212116	48.55
34067_ACNO01000082_213830_215302	47.13
34067_ACNO01000082_226370_227809	51.03
34067_ACNO01000082_129958_131391	47.83
34067_ACNO01000082_218480_219997	55.56
34067_ACNO01000082_136252_137658	53.70
34067_ACNO01000082_126730_128217	51.38
52169_KE150367_61485_62963	54.84
52169_KE150367_56958_58430	53.62
52169_KE150349_1201267_1202754	57.71
52169_KE150349_1209397_1210857	55.65
71513_JH815580_648870_650333	53.77
71517_JH815584_1199518_1200981	53.56
71519_JH815589_2035811_2037274	53.77
52169_KE150394_676_2160	62.19
52167_KE150338_770_2254	62.19
71515_JH823256_2468513_2469976	53.43
40021_JH114301_674217_675626	44.97
40021_JH114301_671106_672530	42.54
40021_JH114301_677307_678665	32.76
34067_ACNO01000048_18353_19837	51.72
34067_ACNO01000048_22232_23710	53.27
34067_ACNO01000048_11993_13468	50.00
34067_ACNO01000048_15167_16633	58.13
34067_ACNO01000048_1370_2818	54.08
34067_ACNO01000048_4550_5986	46.71
34067_ACNO01000048_8777_10255	54.18
34067_ACNO01000048_30134_31612	45.10
34067_ACNO01000048_25451_26920	52.38
40685_KI391954_467581_468993	55.27
40685_KI391954_477678_479096	57.53
40685_KI391954_554770_556173	40.37
40685_KI391954_464322_465743	51.59
61827_AFDH01000132_4579_6069	68.21
61827_AFDH01000132_7846_9327	58.59
38749_GL545278_623184_624608	60.17
38749_GL545278_626229_627680	64.00
38749_GL545278_425914_427368	25.25
52167_KE150309_557_2050	54.29
52167_KE150309_5099_6571	53.83
31013_ACFR01000006_39081_40505	60.38
31013_ACFR01000006_36009_37460	64.21
72491_KE150426_2150054_2151466	65.90
72491_KE150426_1708069_1709493	29.76
72491_KE150426_2389543_2390982	31.88
72491_KE150426_2070477_2071934	30.35
34067_ACNO01000029_8411_9895	54.40
34067_ACNO01000029_2078_3553	49.17
34067_ACNO01000029_5261_6709	43.80
52167_KE150318_7659_9146	57.50
52167_KE150318_15774_17234	55.44
52167_KE150318_18990_19790	64.55
52167_KE150270_336351_337730	46.82
52167_KE150270_323908_325347	37.53
52167_KE150270_320800_322119	44.57
52167_KE150270_331797_333263	41.39
62345_AKGI01000025_112905_114353	64.18
62345_AKGI01000025_115974_117398	57.02
62349_AKGK01000057_136792_138240	64.18
62349_AKGK01000057_139861_141285	57.02
38511_KI391939_1100034_1101503	55.42
38511_KI391939_3241957_3243399	40.97
38511_KI391939_2180322_2181788	38.91
38511_KI391939_1103151_1104641	47.07
38511_KI391939_724576_726096	26.13
41961_JH114231_681170_682711	37.60
62371_AKGU01000058_218064_219512	64.18
62371_AKGU01000058_215019_216443	56.60
62371_AKGU01000058_40523_41974	26.36
62363_AKGR01000012_61557_63005	63.97
62363_AKGR01000012_58512_59936	57.02
38337_GG704949_1127124_1128587	55.02
38337_GG704949_1130244_1131734	46.08
38337_GG704949_751082_752602	26.22
38337_GG704949_1266462_1267964	26.43
169487_KE150472_2750450_2751934	48.16
169487_KE150472_1220961_1222463	55.72
169487_KE150472_2746257_2747846	44.44
169487_KE150472_2757358_2758851	44.82
169487_KE150472_61524_63062	51.30
62369_AKGT01000049_36365_37813	64.18
62369_AKGT01000049_33320_34744	56.17
62381_AKGZ01000034_36377_37825	64.18
62381_AKGZ01000034_33332_34756	56.17
62353_AKGM01000007_43886_45334	64.18
62353_AKGM01000007_40841_42265	57.23
34067_ACNO01000036_4762_6231	44.96
34067_ACNO01000036_10957_12405	53.78
34067_ACNO01000036_15472_16905	46.78
34067_ACNO01000036_60960_62369	52.59
34067_ACNO01000036_1612_3039	49.90
34067_ACNO01000036_7900_9279	49.06
34067_ACNO01000036_64107_65522	45.16
34067_ACNO01000036_51780_53210	42.32
34067_ACNO01000036_54924_56189	41.00
34067_ACNO01000036_57828_59234	41.22
34067_ACNO01000066_9589_11076	47.20
34067_ACNO01000066_1762_3255	52.96
34067_ACNO01000066_6421_7857	48.55
34067_ACNO01000066_107378_108838	29.78
62387_AKHC01000046_40087_41511	56.60
62387_AKHC01000046_43132_44580	64.18
62385_AKHB01000039_41950_43398	64.18
62385_AKHB01000039_38905_40329	57.23
86765_AKHG01000023_19295_20743	63.75
86765_AKHG01000023_22364_23788	57.45
62373_AKGV01000049_21173_22621	63.75
62373_AKGV01000049_18128_19552	57.45
62351_AKGL01000043_64982_66430	64.18
62351_AKGL01000043_68051_69475	57.23
62365_AKGS01000049_43169_44617	64.18
62365_AKGS01000049_40124_41548	57.45
62377_AKGX01000030_67610_69058	63.97
62377_AKGX01000030_70679_72103	56.38
62395_AKHF01000107_21255_22703	63.75
62395_AKHF01000107_18210_19634	57.45
62391_AKHE01000026_28281_29729	63.75
62391_AKHE01000026_25236_26660	57.45
86759_AKHJ01000035_21217_22665	63.75
86759_AKHJ01000035_18172_19596	57.45
86763_AKHH01000014_21239_22687	63.75
86763_AKHH01000014_18194_19618	57.45
86757_AKHK01000030_30782_32230	63.75
86757_AKHK01000030_27737_29161	57.45
62383_AKHA01000029_43725_45173	63.75
62383_AKHA01000029_40680_42104	57.45
62379_AKGY01000036_66596_68044	63.75
62379_AKGY01000036_69665_71089	57.45
62389_AKHD01000035_62286_63734	63.75
62389_AKHD01000035_59241_60665	57.45
62347_AKGJ01000029_121713_123161	63.75
62347_AKGJ01000029_124782_126206	57.45
34077_ADEY01000032_65639_67087	63.75
34077_ADEY01000032_68708_70132	57.45
34077_ADEY01000032_229471_230922	26.36
31545_GG696727_345337_346785	63.75
31545_GG696727_348406_349830	57.45
31545_GG696727_514559_516010	26.36
34643_GG749255_1389945_1391393	63.75
34643_GG749255_1386900_1388324	57.45
34643_GG749255_1200648_1202099	26.36
82073_JH806468_63293_64753	97.25
82073_JH806468_66416_67828	97.45
34647_GG696774_658632_660056	58.72
34647_GG696774_661677_663125	64.61
34647_GG696774_734778_736178	38.37
34647_GG696774_739107_740282	40.20
34647_GG696774_439708_441162	24.70
65133_JH417874_375204_376676	84.62
19921_GG697986_712038_713498	97.67
19921_GG697986_708963_710375	97.45
19921_GG697986_775997_777370	28.39
19921_GG697986_436235_437686	26.80
64683_AGUC01000051_47915_49363	63.97
64683_AGUC01000051_44870_46294	56.38
34655_GG696800_85978_87402	56.60
34655_GG696800_82909_84357	63.97
34655_GG696800_256239_257690	26.36
62359_AKGP01000021_34298_35746	63.97
62359_AKGP01000021_31253_32677	56.38
62357_AKGO01000075_79087_80535	63.97
62357_AKGO01000075_82156_83580	56.38
62357_AKGO01000075_258824_260275	26.56
31541_GG698166_12989_14449	98.52
31541_GG698166_9914_11326	97.45
31541_GG698166_78906_80279	28.39
32479_GG657999_30490_31950	38.67
38519_KI391961_197364_198824	38.67
62361_AKGQ01000051_20738_22186	64.18
62361_AKGQ01000051_17693_19117	57.23
86755_AKHL01000039_40558_41982	57.45
86755_AKHL01000039_43603_45051	63.75
86761_AKHI01000028_76597_78021	57.23
86761_AKHI01000028_73528_74976	64.18
62375_AKGW01000036_62364_63788	57.23
62375_AKGW01000036_65409_66857	64.18
52117_KB373336_493645_495093	64.18
52117_KB373336_490600_492024	56.81
52117_KB373336_301284_302735	25.96
31539_CP002110_347804_349264	100.00
31539_CP002110_350927_352339	100.00
31539_CP002110_2440312_2441703	99.57
31539_CP002110_283555_284928	28.39
31539_CP002110_648681_650132	26.60
50533_GL397103_1138417_1139877	100.00
50533_GL397103_1135342_1136754	100.00
50533_GL397103_2544108_2545499	100.00
50533_GL397103_1201681_1203054	28.39
50533_GL397103_801770_803221	26.80
47281_GL638170_37226_38686	97.88
47281_GL638170_34151_35563	97.45
47281_GL638170_103024_104397	28.39
47283_GL638237_37228_38688	97.88
47283_GL638237_34153_35565	97.45
47283_GL638237_103107_104480	28.39
31533_CM000952_805207_806667	99.79
31533_CM000952_808330_809742	100.00
31533_CM000952_72933_74324	99.57
31533_CM000952_742196_743569	28.39
31533_CM000952_1082482_1083534	27.95
48445_GG774481_309497_310957	98.31
48445_GG774481_312620_314032	97.24
48445_GG774481_239264_240637	28.39
48445_GG774481_591842_593293	26.80
31543_GL538356_348051_349511	98.31
31543_GL538356_351174_352586	97.24
31543_GL538356_2433124_2434515	100.00
31543_GL538356_277819_279192	28.39
31543_GL538356_655296_656747	26.80
62355_AKGN01000047_56779_58227	63.75
62355_AKGN01000047_53734_55158	56.38
70153_JH600015_37455_38828	55.02
46379_JH414886_425182_426684	87.98
32453_KI391991_1235037_1236539	88.19
41963_KE150238_2848798_2850339	37.99
52145_JH603146_1324911_1326380	85.34
52145_JH603146_3363196_3364395	91.25
39153_FP929051_1235232_1236635	41.36
39153_FP929051_1232160_1233569	39.47
39153_FP929051_1446903_1448342	30.80
40087_GG753567_2796851_2798299	71.28
53187_GL890976_319993_321384	38.76
53187_GL890976_328292_329554	44.78
53187_GL890976_329563_329757	0
53187_GL890976_323119_324450	29.25
64743_GL982553_320193_321584	38.76
64743_GL982553_328492_329958	42.69
64743_GL982553_323319_324650	29.25
28665_GG730299_2277578_2279089	87.04
28665_GG730299_2251300_2252745	30.08
28665_GG730299_1450737_1452173	31.34
40049_GG745509_441860_443329	85.74
61827_AFDH01000014_366_1556	51.39
34067_ACNO01000093_5567_7006	46.19
34067_ACNO01000093_10193_11638	48.87
52153_JH603150_5140248_5141699	86.16
52153_JH603150_394175_395635	38.99
52153_JH603150_390958_392376	35.19
52153_JH603150_520703_521926	88.97
170352_KB905473_245991_247502	35.93
40009_GL622538_286252_287763	35.93
42769_ADMO01000148_111084_112595	35.93
38767_GG775004_8646_10157	35.93
38767_GG775004_112757_114271	26.73
32439_EQ973356_678328_679839	35.93
32439_EQ973356_501330_502739	32.77
34067_ACNO01000017_1642_3099	50.00
38737_GG739940_33981_35483	35.45
169456_JH930428_786276_787745	85.95
47223_GL882702_11648_13117	85.74
169453_JH930438_3879866_3881335	85.95
169453_JH930438_1912679_1914112	43.67
169453_JH930438_1915580_1917019	33.68
169453_JH930438_1922056_1923459	40.47
169453_JH930438_1898260_1899648	36.85
169453_JH930438_1925203_1926495	51.83
169453_JH930438_1932188_1933576	38.63
169453_JH930438_1978904_1980103	98.75
169455_JH930422_4068324_4069793	85.95
169455_JH930422_2101105_2102538	43.67
169455_JH930422_2104006_2105445	33.68
169455_JH930422_2110482_2111885	40.47
169455_JH930422_2086686_2088074	36.85
169455_JH930422_2113629_2114921	51.83
169455_JH930422_2120614_2122002	38.63
169455_JH930422_2167549_2168748	98.75
169454_JH930419_1244833_1246302	85.95
31521_GG770554_1260318_1261724	77.97
31521_GG770554_1263492_1264970	38.12
31521_GG770554_1266779_1268200	64.92
31521_GG770554_1251642_1253048	71.91
31521_GG770554_254401_255744	28.54
31521_GG770554_561089_562555	29.08
31521_GG770554_20489_21952	26.47
53031_GL892086_1290965_1292413	84.06
40025_JH414799_447263_448732	85.95
28663_GG704864_335922_337391	84.52
33071_GL891710_5887_7329	43.41
33017_GL891589_73268_74710	43.41
52167_KE150331_1612_3105	46.89
52167_KE150331_5025_5843	62.77
67195_KB291729_197062_198462	53.29
45967_FP929040_2190873_2192342	84.32
64721_JH379181_6559_7971	40.52
64719_JH379561_6559_7971	40.52
34067_ACNO01000061_159_1589	51.95
52989_GL636062_1216390_1217895	45.85
52989_GL636062_1186360_1187910	49.09
52989_GL636062_1207145_1208545	45.55
52149_AKCF01000001_5257361_5258812	86.78
52149_AKCF01000001_3259861_3261321	40.57
52149_AKCF01000001_3256644_3258062	34.09
52149_AKCF01000001_4034379_4035569	90.18
41947_GG753605_52440_53882	41.58
31439_GG770750_153692_155104	39.87
31441_GG770713_370939_372351	39.87
65135_JH379297_370176_371588	40.30
52139_JH603143_541381_542832	86.57
52139_JH603143_2603451_2604911	40.37
52139_JH603143_2606710_2608128	34.09
52139_JH603143_1754398_1755588	90.43
52143_JH603137_968289_969740	86.57
52143_JH603137_2311922_2313112	89.92
30953_GL379781_963626_965062	37.92
30953_GL379781_514174_515625	38.28
30953_GL379781_601193_602671	25.20
33073_GL891936_82442_83881	43.27
78567_ALNJ01000072_33823_35304	84.44
52137_JH603153_477431_478912	84.65
38509_GG704579_51965_53404	43.27
39387_GL945265_13147_14538	36.91
39387_GL945265_10078_11457	35.92
34067_ACNO01000004_345964_347409	48.21
52169_KE150388_1408_2928	47.22
38337_GG704953_52380_53813	42.65
169487_KE150468_138683_140113	58.25
169487_KE150468_79030_80421	38.24
169487_KE150468_1026407_1027882	40.77
18175_DS499699_31798_33189	37.11
18175_DS499699_34879_36258	35.92
53567_AEKN01000012_123564_125006	39.88
53567_AEKN01000012_111822_113276	40.33
53567_AEKN01000012_118023_119417	36.08
78561_AKFU01000053_97117_98469	40.60
47213_GG772450_105745_107217	97.56
47273_GG771506_22473_23945	97.76
61827_AFDH01000054_25003_26544	43.71
39385_JH594553_370469_371941	98.57
34067_ACNO01000032_109710_111179	97.55
34067_ACNO01000032_104157_105581	97.26
34067_ACNO01000032_101163_102641	98.38
61827_AFDH01000048_3_980	42.56
39169_FP929055_1271611_1273050	52.04
39169_FP929055_1178850_1180268	46.77
39169_FP929055_325065_326516	34.73
39169_FP929055_1183108_1184469	43.69
39169_FP929055_1275015_1276436	45.97
39169_FP929055_1186396_1187790	40.33
39169_FP929055_1267222_1268532	49.31
39169_FP929055_1174611_1175852	49.40
32507_GG657387_394987_396459	98.98
47259_GG773533_125362_126834	99.39
47209_GG774463_38081_39532	99.59
47205_GG772754_44170_45642	98.98
19053_AP009378_589143_590615	98.57
19053_AP009378_1941918_1943117	98.75
34067_ACNO01000011_30829_32238	47.57
38739_GL636030_21658_22908	50.12
47241_GG772164_6274_7722	100.00
40709_ADWU01000019_84354_85802	100.00
47257_GG773190_29190_30662	98.78
47207_GG772291_125180_126652	98.78
47267_GG774253_197346_198818	98.78
31467_GG669099_468282_469754	98.78
47225_GG773021_448870_450342	99.19
32465_DS999459_592577_594049	99.19
47269_GG772571_6281_7729	100.00
47271_GG774118_111810_113258	100.00
40703_ADWS01000012_111739_113187	99.38
47229_GG773475_6272_7720	100.00
47263_GG773725_6401_7849	100.00
32467_JH660540_373969_375417	100.00
47227_GG771853_105797_107245	100.00
40701_ADWR01000025_41664_43112	99.38
40699_ADWQ01000012_112397_113845	99.79
47219_GG771700_31969_33417	99.79
40707_ADWT01000003_77569_79017	99.79
40713_ADWV01000012_114128_115576	99.38
47231_GG772968_6165_7613	99.38
18057_AP009240_700789_702237	99.38
32463_JH815271_374057_375505	99.79
47275_GG773871_125412_126884	98.98
47211_GG774401_200755_202227	98.98
34067_ACNO01000101_366_1772	52.51
47265_GG772038_112111_113559	99.17
47217_GG773317_24811_26259	99.17
33071_GL891756_4601_6067	39.31
33017_GL891601_48693_50159	39.31
33073_GL891953_63452_64918	39.31
31017_ACFU01000058_568_1959	37.34
64849_KB851180_122909_124267	36.36
64849_KB851180_416339_417778	35.91
64847_KB851182_4588632_4589990	36.36
64847_KB851182_4273501_4274940	35.91
32459_GL870823_31673_33064	36.51
32459_GL870823_34748_36139	35.39
38509_GG704575_64516_65982	39.11
38509_GG704575_302372_303805	48.77
64851_KB851162_107363_108766	47.97
64851_KB851162_101914_103311	42.30
64851_KB851162_110486_111814	44.12
64851_KB851162_118655_119821	51.15
18165_DS480679_141511_142914	47.97
18165_DS480679_136062_137459	42.30
18165_DS480679_144634_145962	44.12
18165_DS480679_154369_155535	51.15
64845_KB851189_144109_145512	47.97
64845_KB851189_149564_150961	42.30
64845_KB851189_141061_142389	44.12
64845_KB851189_133054_134220	51.15
34073_ADGQ01000050_36209_37618	37.84
64853_KB851149_424985_426388	47.97
64853_KB851149_419536_420933	42.51
64853_KB851149_428108_429436	44.12
64853_KB851149_436277_437443	51.15
78589_ALNO01000018_86369_87736	37.12
52089_JH376755_97920_99344	39.58
52089_JH376755_92987_94411	32.09
197004_ATFK01000005_93868_95292	39.58
197004_ATFK01000005_88935_90359	31.88
75155_AJKN01000004_215694_217118	39.58
75155_AJKN01000004_220627_222051	31.88
28659_DS995606_25207_26622	36.90
28659_DS995606_29599_30966	39.96
28659_DS995606_34946_36286	49.77
28659_DS995606_39296_40723	38.38
47225_GG773023_31022_32455	43.88
47225_GG773023_33923_35362	33.68
47225_GG773023_40399_41802	40.47
47225_GG773023_16603_17991	36.85
47207_GG772310_11148_12581	43.88
47207_GG772310_8241_9680	33.68
47207_GG772310_1801_3204	40.47
47207_GG772310_25612_27000	36.85
47267_GG774275_11211_12644	43.88
47267_GG774275_8304_9743	33.68
47267_GG774275_1864_3270	40.47
47267_GG774275_25675_27063	36.85
47275_GG773821_31255_32688	43.88
47275_GG773821_34156_35595	33.68
47275_GG773821_40632_42035	40.47
47275_GG773821_16836_18224	36.85
47211_GG774410_11179_12612	43.88
47211_GG774410_8272_9711	33.68
47211_GG774410_1832_3235	40.47
47211_GG774410_25748_27136	36.85
47257_GG773212_420732_422165	43.88
47257_GG773212_417825_419264	33.68
47257_GG773212_411385_412788	40.47
47257_GG773212_435196_436584	36.85
47257_GG773212_408238_409530	51.83
47257_GG773212_401157_402545	38.63
47257_GG773212_361683_362882	98.50
32465_DS999462_61274_62707	43.88
32465_DS999462_58367_59806	33.68
32465_DS999462_51927_53330	40.47
32465_DS999462_75738_77126	37.96
32465_DS999462_36158_37546	38.63
31467_GG669095_51792_53225	43.88
31467_GG669095_54693_56132	33.68
31467_GG669095_61169_62572	40.47
31467_GG669095_37373_38761	36.85
31467_GG669095_76953_78341	38.63
31467_GG669095_118919_120118	98.75
38335_GG700630_476017_477384	36.48
38335_GG700630_913337_914683	34.70
38335_GG700630_705267_706580	39.49
38335_GG700630_415939_417015	40.56
34067_ACNO01000070_314_1447	62.47
31445_GG700813_122173_123573	58.73
31445_GG700813_113179_114639	45.65
31445_GG700813_117595_119010	42.29
71509_JH815591_1756860_1758266	41.51
71509_JH815591_1752082_1753458	40.25
71509_JH815591_1761104_1762480	41.22
71509_JH815591_3871196_3872608	58.40
18923_DS480349_105745_107154	36.49
18923_DS480349_108853_110253	37.97
52159_KB375270_1823501_1824931	41.77
52159_KB375270_3624427_3625860	26.94
52159_KB375270_3016617_3018023	27.74
52159_KB375270_5481_6869	30.58
52159_KB375270_1756237_1757697	28.63
39375_JH594448_925096_926529	47.06
39375_JH594448_2066146_2067561	33.75
39375_JH594448_928456_929646	43.21
39375_JH594448_920857_922101	48.83
34067_ACNO01000073_1_1401	42.74
38753_GL732466_950_2344	34.16
38753_GL732466_5790_6917	49.73
38753_GL732466_918868_920304	95.38
33167_GG729934_367296_368327	48.66
18155_AAXA02000005_46597_48033	34.22
46343_GG770409_2417422_2418825	38.16
46343_GG770409_1347508_1348878	37.45
46343_GG770409_2168097_2169608	28.38
46343_GG770409_4677501_4679018	26.75
46407_JH126490_161624_163060	34.02
34105_ADJN01000072_75959_77368	37.97
67203_KB290759_126077_127486	37.97
52995_GL622359_1885979_1887334	35.05
52995_GL622359_908422_909813	36.08
52995_GL622359_1345080_1346513	39.96
52995_GL622359_1183371_1184549	45.10
52995_GL622359_1357123_1358385	44.17
52995_GL622359_1350573_1351922	43.70
52995_GL622359_36676_37917	50.25
52995_GL622359_882276_883790	41.23
52995_GL622359_870728_871873	48.64
52995_GL622359_1187607_1188791	43.89
34107_ADDO01000064_27856_29259	33.26
52169_KE150397_52_1017	62.04
42539_GL379574_643706_645283	39.07
40001_GL635749_1_576	100.00
31527_GG771051_1_1011	65.68
52169_KE150396_52_1035	61.16
64819_JH724208_86751_88160	35.42
64819_JH724208_425715_427139	33.67
64821_JH724217_89207_90616	35.42
64821_JH724217_426437_427861	33.67
48447_CP002280_2436000_2437577	38.88
43115_JH376860_149648_151078	33.82
20549_DS981517_510632_512086	40.71
20549_DS981517_1135375_1136772	34.48
20549_DS981517_319396_320418	28.20
46385_JH376421_209336_210700	34.42
46385_JH376421_318356_319789	31.49
39383_KE150406_408564_409961	36.69
39383_KE150406_411648_413060	37.40
46809_GL538350_44407_45807	36.08
18203_DS483502_40974_42374	36.08
48493_GL882540_127606_129105	42.00
48493_GL882540_123430_124581	50.38
48493_GL882540_115516_116742	42.13
18161_DS996351_246230_247636	47.82
18161_DS996351_235294_236574	50.96
18161_DS996351_256001_257215	49.50
52085_JH594435_1173181_1174659	41.30
52085_JH594435_1178850_1180265	43.06
52085_JH594435_1166579_1167781	42.54
40013_GL945048_227539_228948	35.64
71527_JH815492_775050_776459	35.43
71527_JH815492_432343_433767	33.47
39167_FP929054_3162794_3164233	32.79
39167_FP929054_3503655_3505055	27.10
64817_JH724200_115591_117000	35.43
64815_JH724189_1249433_1250842	35.43
64815_JH724189_914744_916168	33.60
38347_GG705211_549841_551250	35.43
38347_GG705211_213303_214727	33.47
64811_JH724174_90121_91530	35.43
64811_JH724174_489925_491349	33.67
64813_JH724182_84794_86203	35.43
64813_JH724182_484598_486022	33.67
71525_JH815482_1126281_1127699	34.85
71525_JH815482_1611972_1613405	34.01
32441_JH636045_93149_94558	35.43
32441_JH636045_440906_442330	33.67
40673_ADFR01000016_81267_82679	29.68
78897_AKFT01000128_12460_14022	42.50
78897_AKFT01000128_17059_18327	46.03
78897_AKFT01000128_25254_26513	41.10
75125_AICP01000001_5174_6631	42.98
32433_EQ973215_88070_89488	34.36
32433_EQ973215_477096_478529	33.40
64865_KB851048_618112_619551	35.91
30067_DS990262_605786_607156	34.38
30067_DS990262_446749_448176	34.15
50513_GL405235_134496_135911	31.03
71529_JH815524_2553636_2555054	34.77
71529_JH815524_2518065_2519513	30.83
64853_KB851155_365053_366492	35.70
31445_GG700818_120321_121676	37.42
41103_KI391957_430898_432313	33.95
64861_KB851107_122631_124079	35.97
64867_KB850987_216622_218070	35.97
64869_KB850970_209660_211108	35.97
64863_KB851038_207614_209062	35.97
64857_KB851122_238207_239655	35.97
46389_JH376872_192541_193989	35.97
64859_KB851058_636405_637853	35.97
64871_KB850936_1676482_1677930	35.97
61827_AFDH01000056_97372_98829	31.17
18165_DS480717_431_1858	35.91
38789_JH370351_898927_900498	43.35
34585_GG700685_254235_255632	34.02
64851_KB851174_109803_111230	35.91
64845_KB851187_1456853_1458280	35.91
31405_ACVO01000001_35720_37264	43.53
38739_GL636058_162326_163714	38.40
18175_DS499687_44454_45893	31.21
39379_GL945166_190602_191933	34.92
46423_JH594596_106565_108013	32.86
67203_KB290773_11591_13108	40.20
30771_EQ973328_371502_372908	43.43
30771_EQ973328_744623_745969	34.58
30771_EQ973328_748621_749955	33.40
34105_ADJN01000056_21844_23361	40.20
31011_ACSH02000002_330117_331523	44.24
34071_ADCD01000003_16375_17766	38.03
18181_GG704769_2166571_2167989	37.08
30071_DS990369_181150_182565	31.49
49291_CP002734_3041326_3042741	41.37
49291_CP002734_3058981_3060420	46.14
49291_CP002734_3325369_3326784	46.56
49291_CP002734_3046227_3047435	48.14
49291_CP002734_3038455_3039468	42.98
52183_JH601088_1726361_1727770	31.94
52183_JH601088_1599378_1600895	28.44
30955_GL542878_206786_208246	45.65
39387_GL945255_23259_24698	31.21
40005_JH414710_611392_612840	57.14
40005_JH414710_363449_364909	26.36
31465_ACLK02000003_212390_213829	31.92
39161_FP929043_2022024_2023418	40.33
39161_FP929043_918439_919875	28.81
30023_JH414493_27319_28866	42.30
30023_JH414493_31566_32441	51.37
30067_DS990266_5393_6838	45.47
30067_DS990266_2269_3513	42.96
30067_DS990266_8578_10020	33.06
18213_DS499735_153907_155352	45.47
18213_DS499735_150783_152027	42.96
18213_DS499735_157092_158534	33.06
47179_GL455506_6883_8307	54.45
47145_GL456473_29449_30873	54.45
42751_ADKN01000026_28944_30368	54.45
47177_GL455645_389688_391112	54.45
31461_GG669017_72456_73880	54.45
47143_GL454440_28774_30198	54.45
47183_GL457170_94780_96204	54.45
47187_GL454586_3519_4943	54.45
47181_GL454540_65103_66527	54.45
47159_GL455459_28881_30305	54.45
47151_GL454391_98391_99815	54.45
52127_KB373322_1578232_1579602	32.77
52127_KB373322_1597883_1599229	38.51
52127_KB373322_1008749_1010143	73.00
52127_KB373322_1585331_1586692	26.64
52127_KB373322_996828_998072	48.63
52127_KB373322_1582417_1583763	26.51
52127_KB373322_1589569_1590963	31.03
52127_KB373322_1125103_1126566	24.06
47191_GL455622_243935_245359	54.45
31415_ACOX02000002_178504_179928	54.45
81985_JH805047_28765_30189	54.45
81959_JH805866_28763_30187	54.45
81977_JH805362_28763_30187	54.45
81965_JH806306_28763_30187	54.45
81979_JH805271_28765_30189	54.45
81975_JH805680_28765_30189	54.45
81967_JH806384_28765_30189	54.45
81989_JH804938_28767_30191	54.45
81983_JH805223_34568_35992	54.45
81971_JH805904_34608_36032	54.45
81981_JH805472_34623_36047	54.45
81973_JH805762_34623_36047	54.45
81969_JH806107_28767_30191	54.45
81963_JH806210_28767_30191	54.45
81961_JH806025_34623_36047	54.45
81987_JH804839_28767_30191	54.45
30623_GG668923_74669_76093	54.45
38319_GG771296_110642_112003	36.79
47153_GL454734_28762_30186	54.45
47165_GL456765_38086_39510	54.45
47157_GL455109_38089_39513	54.45
47125_GL455800_64351_65775	54.45
47127_GL455769_20503_21927	54.45
42527_GG739886_64478_65902	54.45
42525_GG739730_9895_11319	54.45
47171_GL454767_28761_30185	54.45
47163_GL454271_120748_122172	54.45
47173_GL455329_219280_220704	54.45
47169_GL456524_368227_369651	54.45
47185_GL454584_28926_30350	54.45
31457_GG668821_374436_375860	54.45
47161_GL454344_491523_492947	54.45
81957_JH805599_28794_30218	54.45
221259_NZ_AWPI01000109_220489_221913	54.45
31459_GG668755_112796_114220	54.45
47129_GL454153_28796_30220	54.45
39181_FP929058_1893222_1894646	54.45
47167_GL456418_28792_30216	54.45
47175_GL457112_28762_30186	54.24
47131_GL457054_28791_30215	54.24
47147_GL454182_394846_396270	54.24
34079_AEIQ01000077_50883_52265	32.70
170346_KE150486_398906_400441	31.07
47133_GL476263_28765_30189	54.45
47155_GL454516_342637_344061	54.45
31451_ACLH01000048_41005_42444	33.68
43131_GL637704_4215_5570	47.13
43131_GL637704_7511_8776	47.51
47141_GL454684_230241_231665	54.24
221594_NZ_ACVN02000145_27445_28926	44.22
221594_NZ_ACVN02000145_23233_24405	47.70
221594_NZ_ACVN02000145_15261_16493	42.00
89627_AWUP01000021_112236_113651	33.33
45861_FP929038_1792731_1794065	33.41
45861_FP929038_594410_595840	31.08
81991_JH804761_34597_36021	54.24
169487_KE150475_145098_146480	51.07
169487_KE150475_122541_123713	50.51
169487_KE150475_141972_143324	52.79
169487_KE150475_107525_108970	27.68
170349_KE340297_1949229_1950641	42.09
170349_KE340297_1960502_1961797	45.31
170349_KE340297_758876_760297	35.59
170349_KE340297_1956407_1957729	47.10
170349_KE340297_746688_747233	44.57
64881_KB446646_411162_412595	31.15
31467_GG669118_37_1218	52.99
78589_ALNO01000007_237099_238445	34.48
47275_GG773752_1_1182	52.99
31443_GG666995_121133_122527	32.21
31009_ACVP01000037_43876_45285	37.78
47267_GG774210_1_1182	52.99
47225_GG772985_1_1182	52.99
47207_GG772195_1_1182	52.99
32465_DS999473_106_1287	52.99
28999_GG663519_81943_83376	30.47
67201_KB290820_155433_156857	46.53
67201_KB290820_170581_172005	41.34
67201_KB290820_163102_164463	39.78
67201_KB290820_159826_161202	41.09
67201_KB290820_173789_175228	40.40
67201_KB290820_167329_168741	37.88
34067_ACNO01000010_15211_16572	38.16
221594_NZ_ACVN02000087_2272_3618	41.14
18177_ACEP01000029_62128_63549	43.01
18177_ACEP01000029_55362_56603	48.83
50523_GL397138_2201132_2202511	37.29
47189_GL884017_3938_5359	54.03
31007_ABZU01000006_96658_98052	41.16
38359_GG698738_1100836_1102263	29.88
64883_JH976496_471265_472692	29.88
31449_GG667521_271437_272822	33.68
18177_ACEP01000091_3829_5346	29.61
33149_GG688422_247426_248835	29.84
33149_GG688422_535264_536784	42.60
32503_ACII02000001_5453_6892	32.12
169458_KE150457_1793451_1794833	35.68
18195_DS362248_301220_302650	32.44
18169_DS483518_157360_158805	41.68
51069_AEDP01000047_59311_60744	42.42
67201_KB290824_199798_201129	39.32
47267_GG774211_5834_7222	38.63
40037_JH376471_14186_15448	98.31
40037_JH376471_18454_19668	99.26
47275_GG773863_5836_7224	38.63
47275_GG773863_48124_49323	98.50
47207_GG772205_5838_7226	38.63
47207_GG772205_47929_49128	98.50
47211_GG774357_164686_166074	38.63
47211_GG774357_122664_123863	98.50
47225_GG773033_5838_7226	38.63
47225_GG773033_47926_49125	98.50
30955_GL542879_32329_33738	38.10
34073_ADGQ01000071_97961_99508	40.63
21051_ACCL02000012_21155_22555	32.70
221594_NZ_ACVN02000123_7549_8916	48.44
221594_NZ_ACVN02000123_4681_5814	40.93
64835_JH724269_530475_531914	33.20
64833_JH724260_1952825_1954264	33.20
64833_JH724260_145822_147186	27.10
39357_GL622500_803018_804448	33.40
38355_GG730106_829955_831385	33.40
78569_AJZT01000010_303716_305158	33.27
49877_KE148312_744526_745968	33.27
42529_ADDR02000001_2666173_2667468	36.68
42529_ADDR02000001_2674399_2675853	32.65
42529_ADDR02000001_2654536_2656011	36.79
42529_ADDR02000001_2641543_2643045	31.15
42529_ADDR02000001_2638048_2639418	37.47
42529_ADDR02000001_2644335_2645801	31.86
42529_ADDR02000001_2634748_2636130	33.05
53041_GL872325_16306_17742	51.96
32437_EQ973175_316711_318138	29.46
41951_GG774759_999664_1001091	29.46
89635_AWXD01000007_39783_41186	28.87
72477_KE150404_2355696_2357090	41.59
72477_KE150404_170311_171732	39.10
72477_KE150404_797488_799059	27.84
72477_KE150404_1141060_1142520	27.55
31499_GL833110_244471_245886	54.87
27825_DS996921_1612774_1614231	30.69
40021_JH114300_64537_65835	36.92
40021_JH114300_56154_57608	32.65
40021_JH114300_86207_87673	32.11
40021_JH114300_88963_90465	30.95
40021_JH114300_92590_93960	37.47
40021_JH114300_75997_77472	36.79
40021_JH114300_95878_97260	33.05
50529_GL397071_1838331_1839740	30.79
50529_GL397071_615298_616353	52.11
50529_GL397071_618916_619242	50.93
39147_FP929036_2524274_2525695	30.45
39147_FP929036_2881075_2882124	29.44
39147_FP929036_2880689_2881072	43.33
64813_JH724183_119486_120928	31.42
64811_JH724173_2193515_2194957	31.42
64811_JH724173_608363_609841	24.95
46415_JH376939_489152_490555	52.95
34587_CM000961_1953971_1955338	32.52
34587_CM000961_1145261_1146631	28.60
67201_KB290831_846280_847641	36.23
31447_GG667193_202857_204167	36.67
42771_ADMP01000175_38938_40347	32.77
42773_ADKP01000171_10428_11837	32.77
78583_ALNL01000035_73271_74701	39.96
78909_AJJQ01000038_11628_13163	42.56
49443_AEBA01000016_521_1945	58.74
43121_GL637673_24759_26201	34.31
39179_FP929052_77783_79189	34.41
39179_FP929052_572441_573877	32.48
31503_GG693223_388874_390298	58.95
64817_JH724194_215269_216693	33.60
32445_EQ973125_271593_272999	30.50
38353_GG705228_325279_326685	30.50
52131_KB373328_326075_327466	68.32
53039_GL622241_140140_141528	49.26
38759_GL545260_826512_827903	73.43
31007_ABZU01000003_88125_89552	36.93
46377_JH992943_399098_400516	32.57
40013_GL945046_201499_202923	33.87
62373_AKGV01000017_42210_43598	77.75
71529_JH815525_178679_180112	34.23
71529_JH815525_2391286_2392764	25.30
64803_JH724087_817271_818683	30.90
52133_KB373317_657593_659038	71.37
34087_ACLP01000003_74919_76310	73.22
33073_GL891944_5148_6581	48.37
59527_AEXR01000010_42529_43899	40.83
64809_JH724153_251657_253093	30.18
89653_AZKM01000029_106259_107683	42.15
52043_AEKI01000023_99966_101339	31.25
31491_GG700805_115582_116955	31.25
31491_GG700805_8788_10194	46.85
39743_JH376563_2048821_2050278	33.00
39743_JH376563_190194_191675	39.55
62363_AKGR01000023_81514_82902	78.19
62391_AKHE01000035_2967_4355	77.97
62389_AKHD01000044_3237_4625	77.97
86757_AKHK01000007_4546_5934	77.97
86759_AKHJ01000009_25717_27105	77.97
62375_AKGW01000043_23096_24484	77.97
62379_AKGY01000044_25663_27051	77.97
62347_AKGJ01000036_3345_4733	77.97
62395_AKHF01000110_42636_44024	77.97
86761_AKHI01000008_26078_27466	77.97
62385_AKHB01000045_42473_43861	77.97
62351_AKGL01000047_42662_44050	77.97
86765_AKHG01000010_61555_62943	77.97
86763_AKHH01000028_61595_62983	77.97
62387_AKHC01000045_69768_71156	77.97
62383_AKHA01000014_23109_24497	77.97
62361_AKGQ01000039_133389_134777	77.97
62353_AKGM01000009_155982_157370	77.97
34077_ADEY01000017_115668_117056	77.97
34643_GG749256_384166_385554	77.97
52117_KB373335_251668_253056	78.40
31545_GG696728_353061_354449	77.97
33169_GG665866_499839_501287	40.37
30027_EQ973495_42609_44021	30.69
62365_AKGS01000039_42657_44045	77.75
46361_GL636579_206174_207583	29.45
32461_AKCB01000001_2066166_2067575	29.45
65129_JH556647_752147_753577	50.00
31513_GG670158_220723_222165	91.68
31507_GG693416_93424_94851	49.16
62369_AKGT01000004_139821_141209	77.32
62381_AKGZ01000002_153806_155194	77.32
62345_AKGI01000003_196129_197517	78.40
62349_AKGK01000003_196228_197616	78.40
31451_ACLH01000032_1904_3277	33.81
41947_GG753601_547686_549119	48.15
64721_JH379174_63084_64550	39.55
64719_JH379529_179929_181395	39.55
75125_AICP01000039_17346_18746	45.88
75125_AICP01000039_14110_15438	38.27
65135_JH379326_5864_7321	39.55
64683_AGUC01000015_18005_19393	77.54
86755_AKHL01000008_26044_27432	77.54
62377_AKGX01000022_105999_107387	77.32
62359_AKGP01000012_79456_80844	77.54
62371_AKGU01000065_93386_94774	77.54
62355_AKGN01000032_93483_94871	77.54
62357_AKGO01000074_298774_300162	77.54
34655_GG696799_372254_373642	77.54
64681_AFIN01000006_4979_6424	73.32
221610_NZ_AWGW01000025_105852_107246	32.32
65585_AFUL01000001_1530805_1532250	73.53
89643_AZIR01000056_39154_40581	100.00
34647_GG696773_352757_354145	79.48
53057_GL636070_437313_438740	100.00
30361_GG657556_208915_210249	37.10
30361_GG657556_211930_212373	47.37
78641_AWUC01000023_45508_46953	73.03
30023_JH414449_2655_4118	48.52
78557_ALJJ01000007_90844_91878	39.02
78635_AWTZ01000004_78151_79596	73.03
78619_AWTF01000019_20253_21698	73.24
40037_JH376491_69_749	98.68
78623_AWTH01000026_25034_26479	73.24
78639_AWUB01000024_36916_38361	73.24
78621_AWTG01000029_17601_19046	73.24
78643_AWUD01000020_16537_17982	73.24
32491_GG661973_335579_337093	31.12
221260_NZ_AWPJ01000177_13732_15177	73.03
78637_AWUA01000027_45497_46942	73.24
61837_AFUS01000004_432074_433453	43.07
61837_AFUS01000004_433459_433518	0
30487_ACDZ02000014_177785_179209	40.21
78633_AWTY01000044_15995_17440	73.03
59517_AENS01000005_110517_111899	30.27
40023_GL622587_1_1188	45.88
78617_AWTE01000046_15456_16901	73.24
78631_AWTL01000018_13340_14785	73.24
78607_AWWB01000021_16314_17759	73.24
89653_AZKM01000008_209212_210624	30.23
50517_GL397225_786104_787549	73.24
20527_DS572678_10948_12375	84.03
78629_AWTK01000027_15995_17440	73.24
34583_ADNU01000096_5962_7308	32.91
34545_CM001024_1060764_1062119	37.11
38329_GG703885_187717_189027	32.17
46425_JH815198_1000671_1002113	38.30
46425_JH815198_718412_719431	29.40
53567_AEKN01000010_26810_28237	82.98
52027_AEXN01000039_11635_13047	44.81
42537_GL349568_204819_206129	32.82
38763_GL883582_568995_570419	40.25
59517_AENS01000031_39629_41080	70.71
52167_KE150295_18138_19499	34.09
81997_JH811476_48113_49528	51.69
52125_JH992913_585376_586791	51.69
18159_DS264271_226479_227945	44.81
52169_KE150393_162684_164045	34.09
31497_GG692962_473301_474743	99.79
49219_GL383596_770863_772326	36.65
49219_GL383596_767718_768740	31.74
39159_FP929042_2578313_2579365	33.89
40637_AP011548_786118_787560	99.58
50519_GL397128_1882373_1883800	80.46
64693_AFUQ01000004_41797_43233	92.02
31439_GG770746_272460_273926	39.34
31441_GG770711_576629_578095	39.34
49229_GL383465_119295_120758	36.65
49229_GL383465_122881_123903	31.18
53059_GL732463_112095_113531	90.34
30025_GG703858_72613_74046	30.77
89199_KB372212_2385_3821	99.58
38749_GL545272_34264_35658	80.56
33017_GL891561_299_1732	48.97
33071_GL891695_4128_5561	48.97
89197_KB742374_24233_25669	99.58
34659_CP001993_177019_178455	99.58
81999_JH813136_50486_51901	51.91
169467_JH815533_3113874_3115079	56.33
31523_GG668579_302303_303508	56.33
50403_JH378889_70727_72163	95.17
49261_GL383701_772733_774196	36.45
49261_GL383701_769588_770610	31.46
89203_KB372439_6581_8017	99.37
30645_GL397173_2020731_2022158	80.88
40717_GL883052_2252_3715	36.45
89175_KB371357_6683_8119	99.37
89183_KB372113_6925_8361	99.37
89185_KB371816_2615_4051	99.37
18211_DS480323_123935_125401	29.39
54025_AEKL01000070_2794_4218	51.67
61831_AFTL01000008_23112_24536	52.09
89205_KB372573_23161_24597	99.37
59527_AEXR01000007_165344_166786	31.15
40023_GL622581_140647_142089	31.15
75171_AJMM01000003_20991_22430	95.17
65127_JH379511_181800_183242	99.17
31463_GG669062_69398_70813	51.91
89177_KB371478_52797_54233	99.37
89181_KB371585_5599_7035	99.37
89171_KB371230_112156_113592	99.37
89179_KB371509_116206_117642	99.37
89173_KB371259_232163_233599	99.37
89187_KB371854_1312521_1313957	99.37
42247_CP001845_1999556_2000992	99.37
49161_GL383669_119437_120900	36.45
49161_GL383669_123023_124045	31.46
81993_JH804714_67452_68867	52.12
49181_GL384374_9787_11250	36.45
49181_GL384374_13373_14395	31.46
49179_GL383364_595360_596823	36.45
49179_GL383364_592215_593237	31.46
49171_GL383688_119117_120580	36.45
49171_GL383688_122703_123725	31.46
40729_GL878438_5568_7031	36.45
40729_GL878438_9154_10176	31.46
49259_GL383735_119471_120934	36.45
49259_GL383735_123057_124079	31.46
49223_GL383972_772848_774311	36.45
49223_GL383972_769703_770725	31.46
49269_GL383810_119330_120793	36.45
49269_GL383810_122916_123938	31.46
49267_GL383245_119351_120814	36.45
49267_GL383245_122937_123959	31.46
49249_GL383727_119453_120916	36.45
49249_GL383727_123039_124061	31.46
49247_GL383714_772529_773992	36.45
49247_GL383714_769384_770406	31.46
49251_GL384524_773241_774704	36.45
49251_GL384524_770096_771118	31.46
75149_AJMV01000098_5426_6862	91.39
75131_AICS01000192_6601_8037	97.06
169485_KE150467_44618_46045	92.02
48315_CP002843_1540191_1541627	91.18
75159_AJKE01000081_1207_2643	97.06
64887_JH976471_987009_988418	32.72
34083_ACPZ01000027_332719_334107	80.13
89207_KB372762_2342_3778	100.00
49197_GL383851_601761_603224	36.45
49197_GL383851_598616_599638	31.46
67185_AFUE01000005_232071_233498	88.03
53203_GL732518_1508548_1509975	88.03
67179_AFUC01000012_23842_25278	91.60
39413_JH376567_772226_773689	36.45
39413_JH376567_769081_770322	30.81
65583_AFNN01000023_52675_54111	91.81
53565_AEKM01000003_65123_66559	91.81
72485_KE150417_432742_434133	52.70
89193_KB742158_2156_3592	100.00
67183_AFUD01000006_24962_26398	91.39
89189_KB371984_7466_8902	100.00
53201_GL636091_447401_448837	91.39
49205_GL384465_771663_773126	36.45
49205_GL384465_768518_769540	31.74
49187_GL383325_119536_120999	36.45
49187_GL383325_123122_124144	31.74
49165_GL383283_119354_120817	36.45
49165_GL383283_122940_123962	31.74
40721_GL878476_123438_124901	36.56
40721_GL878476_126805_128046	29.41
89195_KB742117_2156_3592	100.00
89201_KB741938_2156_3592	100.00
49211_GL383821_119864_121327	36.25
49211_GL383821_123450_124478	31.65
31517_GL538354_8534_9970	48.64
89165_KB371124_56979_58415	98.74
89167_KB371169_2947_4383	98.74
89191_KB372029_743769_745205	100.00
49189_GL383834_771838_773301	36.45
49189_GL383834_768693_769715	31.74
38737_GG739926_152483_153889	33.26
82035_JH809712_18527_19942	51.48
82005_JH814531_18527_19942	51.48
82067_JH807139_18527_19942	51.48
82041_JH810817_8571_9986	51.48
82039_JH811310_8571_9986	51.48
82037_JH809869_8571_9986	51.48
82071_JH806692_6832_8247	51.48
82009_JH812927_6832_8247	51.48
82049_JH809179_18527_19942	51.48
82045_JH810624_14753_16168	51.48
82001_JH813808_18527_19942	51.48
82033_JH811049_15670_17085	51.48
82007_JH812856_18527_19942	51.48
82057_JH808060_18527_19942	51.48
82061_JH808673_18527_19942	51.48
82059_JH807807_24675_26090	51.48
47193_GL455899_29085_30500	51.48
82051_JH809101_18523_19938	51.48
82031_JH811261_18527_19942	51.48
82021_JH813403_45321_46736	51.48
82029_JH811944_18523_19938	51.48
82055_JH808431_18527_19942	51.48
82069_JH807054_45506_46921	51.48
47197_GL476228_31178_32593	51.48
82065_JH807512_45294_46709	51.48
82019_JH812014_64144_65559	51.48
82015_JH812456_68051_69466	51.48
82027_JH813653_18527_19942	51.48
82047_JH810083_18526_19941	51.48
82011_JH812371_18527_19942	51.48
82003_JH814026_18527_19942	51.48
47201_GL456872_71522_72937	51.48
82025_JH814211_18527_19942	51.48
47195_GL456579_35032_36447	51.48
82053_JH808826_76737_78152	51.48
82023_JH813496_18527_19942	51.48
47199_GL454927_71522_72937	51.48
47203_GL455151_71522_72937	51.48
81995_JH809495_100055_101470	51.48
82017_JH811654_18527_19942	51.48
82043_JH810406_18527_19942	51.48
82063_JH807715_100048_101463	51.48
64901_KB373314_1270606_1272042	91.81
78571_ALJQ01000026_99707_101113	32.92
49201_GL384389_578243_579706	36.56
49201_GL384389_575098_576339	29.41
49277_GL383213_123501_124964	36.56
49277_GL383213_126868_128109	29.41
30627_CP003583_755228_756643	51.48
49275_GL384406_119326_120789	36.45
49275_GL384406_122912_123934	31.74
53003_GL732449_1508275_1509711	91.60
51491_GL586311_1653293_1654699	33.26
51491_GL586311_1383186_1384682	27.38
158721_AJTA01000049_25203_26639	91.18
64685_AFIK01000082_5748_7211	36.45
64685_AFIK01000082_9334_10356	31.46
65579_AFUK01000001_2175226_2176689	36.45
65579_AFUK01000001_2172081_2173103	31.46
41555_ADJM01000007_457455_458918	36.56
41555_ADJM01000007_454304_455551	30.26
49295_AFII01000001_556216_557280	42.82
49295_AFII01000001_555905_556201	44.12
49295_AFII01000001_555837_555896	0
47281_GL638175_450635_452026	99.78
49281_GL384115_643_1974	36.67
49283_GL384481_4925_6388	36.36
66113_AFQV01000029_11566_13002	97.06
40023_GL622579_43931_45025	44.02
40023_GL622579_344938_346419	28.54
34629_GG693387_91894_93318	56.78
34091_ACLO01000067_35880_37307	88.45
31435_ACGK02000001_461876_463360	28.16
64855_KB851131_159442_160908	39.30
30949_GG665958_81128_82555	47.11
49253_GL383169_9822_11285	36.24
49253_GL383169_6677_7918	28.94
31013_ACFR01000002_93435_94826	80.35
38783_ACRY02000003_247502_248917	39.00
38755_GG730093_71522_72958	93.91
31479_GG700738_163048_164472	50.63
37949_GG698807_24801_26222	48.02
75135_AICU01000054_88066_89502	97.27
49439_AFUO01000001_1290576_1292012	96.01
34653_GL622351_883507_884901	73.00
34653_GL622351_871588_872832	48.63
38757_GL732491_94172_95608	97.27
38727_GG700527_469541_470758	49.88
38727_GG700527_481629_482885	40.77
34627_GG693761_101486_102904	48.64
31511_ACGX02000004_106204_107622	48.64
31553_GG693671_23234_24652	48.64
19011_AP007281_288534_289952	48.64
30643_CP002844_1443829_1445247	48.64
53573_AEKO01000007_651058_652485	88.24
53209_GL831112_1144016_1145443	88.24
51071_AEDQ01000017_468_1961	30.41
75125_AICP01000047_24941_26368	88.66
53005_GL622183_524413_525849	94.54
75129_AICR01000121_14572_16008	97.27
67187_AFUF01000014_36091_37527	97.27
31481_GG669604_744682_746109	51.25
31481_GG669604_565253_566614	32.44
49263_GL383759_772014_773477	36.06
49263_GL383759_768869_769891	31.18
47283_GL638224_275046_276437	100.00
48445_GG774480_1059941_1061332	100.00
50515_GL397179_213224_214660	93.07
49243_GL384547_13032_14495	36.06
49243_GL384547_16618_17640	31.18
64899_KB373321_218576_220012	94.54
49435_AECM01000026_1699_3111	45.02
43129_AECT01000004_95462_96898	88.45
38733_GG749269_336964_338400	95.17
30483_ACEO02000001_283816_285162	33.95
31541_GG698160_142547_143938	99.78
75167_AJKQ01000006_220728_222164	95.17
89615_ALJN01000021_29852_31288	95.59
38747_GL635794_176480_177826	33.95
18187_DS483526_53297_54838	29.67
66111_AFQT01000032_248750_250186	96.85
64679_AFUB01000066_38042_39478	95.59
75133_AICT01000010_141457_142896	95.80
78577_ALKH01000002_86880_88319	95.80
67191_AFUT01000002_20372_21808	90.76
64677_AFIM01000018_434_1861	88.87
67193_AFUU01000003_959107_960543	94.75
75163_AJKP01000026_10656_12092	94.75
75155_AJKN01000008_131341_132768	87.82
197004_ATFK01000006_75948_77375	87.82
46427_GL636616_388633_390060	88.45
50521_GL397254_1706087_1707523	94.75
45915_FP929039_939381_940898	30.60
64687_AFIL01000044_45158_46621	36.83
64687_AFIL01000044_42007_43254	30.26
49231_GL383158_5888_7324	36.83
49231_GL383158_9228_10475	30.26
19921_GG697985_380451_381842	99.78
49241_GL384205_119371_120834	36.83
49241_GL384205_122738_123985	28.61
43187_GG770435_2481891_2483318	46.90
43187_GG770435_1977506_1979026	26.80
49237_GL383635_123725_125188	36.83
49237_GL383635_127092_128339	30.02
49245_GL383100_123571_125034	36.83
49245_GL383100_126938_128185	29.79
49279_GL384605_772140_773603	36.83
49279_GL384605_768989_770236	30.26
49257_GL384452_600476_601912	36.45
49257_GL384452_597325_598572	30.26
31483_GG669710_639279_640706	51.04
38751_GL698449_887625_889052	88.66
49213_GL383264_491521_492957	36.83
49213_GL383264_488370_489617	30.26
49255_GL383125_777328_778764	36.83
49255_GL383125_774177_775424	30.26
49265_GL383112_777027_778463	36.83
49265_GL383112_773876_775123	30.26
49209_GL384225_777067_778503	36.83
49209_GL384225_773916_775163	30.26
49169_GL384611_119673_121109	36.83
49169_GL384611_123013_124260	30.26
49221_GL383391_119763_121199	36.83
49221_GL383391_123103_124350	30.26
52089_JH376757_120103_121530	87.61
53157_GL890985_56407_57834	86.97
67177_AFUP01000009_108515_109942	87.61
49199_GL383656_5491_6927	36.90
49199_GL383656_8831_10078	30.26
49195_GL384218_119677_121113	36.90
49195_GL384218_123017_124264	30.26
49215_GL383923_119777_121213	36.83
49215_GL383923_123117_124364	30.26
49217_GL384508_777064_778500	36.83
49217_GL384508_773913_775160	30.26
53173_GL890993_523345_524772	87.18
46403_JH126475_89043_90473	40.54
49239_GL383459_777104_778540	36.83
49239_GL383459_773953_775200	30.26
49233_GL383379_777627_779063	36.83
49233_GL383379_774476_775723	30.26
30075_DS990441_127893_128936	37.11
89617_ALJO01000004_101543_102979	88.45
220930_NZ_AWET01000020_14450_15760	32.24
50531_GL397214_1646426_1647736	35.57
82073_JH806467_67255_68646	100.00
53191_GL831107_487131_488558	86.76
31515_GL379761_495467_496918	62.47
31489_GG669992_652181_653608	51.04
75169_AJML01000037_22254_23690	94.54
34637_GG704780_172375_173751	33.26
40679_ADFS01000001_832527_833990	36.83
40679_ADFS01000001_835894_837141	28.87
53163_GL872442_90579_92006	86.97
53183_GL878514_72350_73777	86.76
65581_AFNM01000028_128756_130192	94.54
78579_ALKI01000011_67493_68920	86.97
49193_GL384071_10263_11726	36.51
49193_GL384071_7112_8359	28.87
50529_GL397078_4_1062	52.82
49191_GL384112_13027_14490	36.51
49191_GL384112_16394_17641	28.87
53189_GL883609_1733306_1734733	86.97
53171_GL872307_2227216_2228643	86.76
40699_ADWQ01000037_3625_4824	98.25
47263_GG773678_29570_30769	98.25
47273_GG771482_39710_40909	98.25
47219_GG771537_27959_29158	98.25
47259_GG773505_43528_44727	98.75
52085_JH594436_290775_292199	42.86
40707_ADWT01000021_36359_37558	98.25
53569_AFQU01000001_1230921_1232345	90.55
47265_GG771946_21676_22875	98.75
47271_GG773954_13527_14726	98.75
47205_GG772787_29664_30863	98.75
47223_GL882770_71566_72765	98.75
40083_GG703522_655876_657075	98.75
40083_GG703522_822439_823869	28.04
47213_GG772344_50933_52132	98.75
32467_JH660541_1212913_1214112	98.75
32467_JH660541_940869_942299	31.61
47209_GG774439_1874_3073	98.75
47267_GG774271_16261_17460	98.75
49885_JH376746_128624_130051	87.61
59527_AEXR01000024_160436_161719	42.49
40023_GL622580_373227_374510	42.49
32465_DS999461_809254_810453	98.50
75157_AJJL01000071_15020_16456	96.43
220932_NZ_AWEY01000032_65261_66661	33.68
53165_GL872447_67581_69008	86.97
52087_JH594522_528277_529680	31.06
53161_GL872408_1751355_1752782	86.55
53181_GL890990_1925872_1927299	86.76
89637_AWXB01000058_29995_31254	30.43
40681_ADJL01000057_118796_120082	37.58
40681_ADJL01000057_115652_116674	31.46
33071_GL891615_21675_23159	45.49
33017_GL891610_69432_70916	45.49
64743_GL982555_86403_87830	86.76
53169_GL982563_67925_69352	86.76
37271_GG694018_234291_235694	42.56
64735_GL982488_977948_979258	31.87
64735_GL982488_1840737_1842218	26.51
53175_GL872310_66679_68106	86.97
53179_GL872319_96292_97719	86.97
53159_GL872376_2190922_2192349	86.97
38745_KI391971_1338100_1339380	41.06
53155_GL878508_66682_68109	86.55
53185_GL878565_498519_499946	86.55
49227_GL383502_10237_11406	38.46
49227_GL383502_11421_11699	0
49227_GL383502_13822_14844	31.18
49693_JH591032_23198_24628	53.77
52033_AEHQ01000036_78267_79673	46.85
52045_AEKJ01000018_181994_183400	46.85
52047_AEKK01000011_183955_185361	46.85
53061_GL622333_1219618_1221024	46.85
34067_ACNO01000034_2687_4078	32.81
42547_GL349413_415751_417100	32.71
31485_GG669902_138263_139684	49.58
18979_AP008937_79196_80617	49.58
52043_AEKI01000009_12433_13839	46.85
37947_KI391976_573375_574799	89.50
52037_AEHO01000010_84226_85632	46.85
60375_AEXK01000030_95334_96740	46.85
52039_AEHN01000019_8983_10389	46.85
52029_AEXP01000005_8754_10160	46.85
52041_AEKH01000010_295005_296411	46.85
40031_JH164952_791340_792746	46.85
49691_JH414922_28206_29672	51.16
38517_GG704700_324956_326377	50.00
75127_AICQ01000039_65974_67401	87.39
60373_AEXJ01000017_143106_144512	46.85
53195_GL622205_470745_472100	36.63
40683_ADFT01000001_14547_15980	50.31
42543_KN050675_592365_593798	50.31
59527_AEXR01000038_2785_4233	42.44
59527_AEXR01000038_51685_53157	28.60
40023_GL622582_265649_267097	42.44
48509_GL882584_396230_397639	29.62
40051_GG730083_407765_409177	56.99
31487_GL379581_572651_574057	51.37
38739_GL635822_6437_7774	36.22
31433_GG666309_22187_23431	49.75
59527_AEXR01000014_2_1171	56.05
51081_AFUI01000037_44029_45273	49.75
38739_GL636059_88842_90209	38.05
36379_ACOZ01000014_3614_5020	51.37
31505_GG693254_139637_141046	50.83
30951_GG666061_6220_7452	47.94
29307_GG692710_824793_826277	41.05
42535_KN050667_572090_573523	50.10
31203_GL531761_1864281_1865714	50.10
52185_JH992922_778124_779581	32.86
31495_GG670121_537580_538986	50.42
50527_GL397067_1031608_1033020	56.99
31451_ACLH01000018_3122_4276	33.33
34619_GG700752_132977_134383	51.15
221192_NZ_AWEZ01000006_20297_21769	39.80
40037_JH376465_604731_605798	41.14
34583_ADNU01000053_27111_28580	28.01
52131_KB373326_689344_690831	25.59
41967_GL872349_886622_887743	32.12
89635_AWXD01000008_85029_86246	47.70
61827_AFDH01000093_3_740	83.75
61827_AFDH01000093_2913_3308	71.97
51081_AFUI01000017_62975_64036	47.75
31477_GG669568_110456_111871	50.94
34615_ADNY01000026_9878_11284	49.79
53193_GL622227_313001_313885	33.99
53193_GL622227_1230758_1231648	35.86
52035_AEHP01000015_9156_10163	47.95
52035_AEHP01000015_8756_9124	48.78
40665_ADGR01000124_1273_2688	51.15
36325_GL531745_85276_86691	51.15
42533_GL877792_54729_56144	51.15
40003_GL635752_734808_736283	25.40
40003_GL635752_650817_652352	28.85
30641_GG669820_35777_37192	51.15
38513_GG704607_162518_163933	51.15
52105_JH932274_59202_60617	51.15
37951_KI391978_163150_164565	51.15
38361_GG698761_153358_154773	51.15
52107_JH932290_486068_487483	51.15
27821_DS996913_157946_159331	24.85
29303_GG704759_25409_26794	24.85
29303_GG704759_1404700_1406214	28.77
29303_GG704759_1701543_1703021	24.25
49619_AEAT01000091_6870_8264	48.11
53001_GL872382_1235733_1237127	48.11
53001_GL872382_1610910_1612226	32.50
52031_AEHR01000021_9111_10163	47.62
52031_AEHR01000021_8756_9103	48.67
34097_ACOY01000033_42499_43899	49.26
38515_GG704686_14988_16388	49.26
31205_GL545251_1187127_1188527	49.26
31205_GL545251_724830_726122	29.87
39175_FP929047_515604_516686	45.00
30023_JH414480_25286_26755	30.89
61827_AFDH01000141_174_587	51.11
38781_GL622607_513822_514886	40.95
64749_GL982998_251317_252756	27.07
64749_GL982998_102582_104030	27.05
64749_GL982998_612744_614210	28.54
221594_NZ_ACVN02000035_25640_27022	32.65
52155_KB375282_976789_978219	28.05
52155_KB375282_2264284_2265759	30.46
52155_KB375282_735918_737369	28.63
52155_KB375282_860498_861952	29.53
78585_ALNM01000046_61725_63137	29.17
49219_GL383588_31888_33282	28.69
49173_GL384561_682264_683658	28.69
49187_GL383323_683479_684873	28.69
49165_GL383280_31889_33283	28.69
49275_GL384396_683405_684799	28.69
40715_GL878483_313534_314928	28.69
49205_GL384462_683218_684612	28.69
39413_JH376566_415077_416471	28.69
169460_KE340299_1148460_1149854	28.69
51069_AEDP01000009_10002_11237	43.80
49263_GL383757_31870_33264	28.69
49243_GL384531_682153_683547	28.69
54023_AENP01000018_40238_41473	43.80
34619_GG700754_1624_2979	28.36
49189_GL383825_334588_335982	28.69
30489_GG698598_405929_407341	29.56
31433_GG666311_7408_8643	43.31
40007_JH414764_543695_545185	25.59
40007_JH414764_559622_561115	26.13
82073_JH806532_67019_68392	28.39
52157_KB375281_143382_144812	29.78
52157_KB375281_422503_424035	27.71
52157_KB375281_3479972_3481399	26.07
52157_KB375281_1285585_1286622	31.01
52157_KB375281_3273640_3275052	28.95
38645_GG704744_147252_148652	50.32
37953_KI411429_43570_44970	50.32
78589_ALNO01000005_166649_167962	39.49
31493_CM000953_280096_281496	50.32
34097_ACOY01000013_246194_247546	29.67
38515_GG704682_223016_224368	29.67
52167_KE150314_321087_322595	28.66
52169_KE150371_388193_389701	28.85
34079_AEIQ01000025_40963_42384	28.34
72489_KE150421_115608_117080	26.85
72489_KE150421_207786_209324	27.24
72489_KE150421_1680306_1681775	28.94
72489_KE150421_679397_680782	26.02
40003_GL635750_864887_866371	28.06
40003_GL635750_790366_791841	26.92
31517_GL538352_1386472_1387947	26.06
34067_ACNO01000046_307018_308379	31.77
34067_ACNO01000046_395730_397235	29.19
34067_ACNO01000046_110573_112078	27.71
34067_ACNO01000046_400711_402141	27.36
40005_JH414708_215634_217082	25.70
40005_JH414708_330134_331642	26.43
221594_NZ_ACVN02000330_11975_12901	47.08
64749_GL982999_671564_672967	28.66
30753_KE161030_729228_730559	35.62
34067_ACNO01000059_40775_42268	29.47
64919_CM001797_1303469_1304935	26.39
34067_ACNO01000064_34532_36058	27.81
72489_KE150422_163274_164722	30.35
18921_DS499516_15333_16793	25.20
72491_KE150428_749899_751278	31.37
46405_JH591187_1190466_1191830	27.74
45919_FP929059_1670859_1672316	25.20
42551_GL872364_557341_558807	26.59
39157_FP929044_1632730_1634190	25.20
169488_KE150480_1695870_1697348	32.24
64903_CM001798_1707856_1709322	26.59
64911_CM001796_1627776_1629242	26.59
40003_GL635755_196098_197504	27.31
38343_GG705059_222517_224037	27.65
64749_GL982997_931258_932745	28.92
64749_GL982997_1092409_1093842	28.46
64923_KE332527_1071971_1073437	26.39
27821_DS996911_319031_320545	28.97
27821_DS996911_15520_16998	24.05
64913_CM001794_799515_800981	26.59
31017_ACFU01000014_42995_44458	27.97
31019_ACVQ01000028_48507_49958	28.57
64929_KE332519_1113252_1114718	26.39
64921_KE332533_1707461_1708927	26.39
38311_GG703879_624947_626335	34.97
64915_CM001795_1630630_1632096	26.79
64933_KB454450_88394_89860	27.15
64905_KB445544_1012416_1013882	27.15
38339_GG704965_502779_504299	26.57
31007_ABZU01000002_303768_305339	28.27
65121_GL892049_993050_994591	29.55
30949_GG665952_30870_32390	26.09
59521_AENT01000024_185997_187388	27.65
40001_GL635726_1836968_1838401	28.16
40001_GL635726_1788035_1789504	29.01
61827_AFDH01000024_476_850	50.40
34117_ACGB01000007_22551_23948	27.09
169431_KE150449_1555709_1557106	27.09
46429_GL636557_9150_10628	30.63
39415_GL520218_369448_370911	29.55
39415_GL520218_577241_578281	32.39
39415_GL520218_164045_165067	29.80
39391_JH815236_1568032_1569495	29.55
39391_JH815236_1775307_1776347	32.39
39391_JH815236_1363031_1364053	29.80
89623_AWUR01000016_5281_6678	27.29
53029_GL878519_731279_732670	26.36
46377_JH992946_87504_89027	26.04
52201_JH992904_4662978_4664402	31.16
62345_AKGI01000013_97867_99318	25.96
62349_AKGK01000058_98931_100382	25.96
40007_JH414751_120734_122185	30.10
64683_AGUC01000060_27876_29327	26.16
86757_AKHK01000027_41011_42462	26.36
31335_ACYI01000043_19806_21335	29.33
28653_GG697143_114785_116200	28.06
31541_GG698158_249055_250512	26.80
38345_GG705131_1000649_1002190	27.48
75161_AJKO01000023_2_748	96.79
78559_ALJL01000024_84839_86257	25.77
46405_JH591188_68333_69703	28.60
62359_AKGP01000026_40476_41927	26.56
62377_AKGX01000043_40517_41968	26.56
49173_GL384555_5452_6474	31.74
78963_JH815185_907004_908422	25.56
62363_AKGR01000007_41346_42797	26.16
38759_GL545255_93779_95269	23.76
62381_AKGZ01000032_40783_42234	26.36
62369_AKGT01000046_110603_112054	26.36
62355_AKGN01000046_83695_85146	26.36
64829_JH724307_2475498_2477021	25.25
64829_JH724307_1423010_1424488	26.76
170350_KB905466_2727214_2728737	25.25
170350_KB905466_1759696_1761174	26.76
34081_ACVR01000020_8383_9924	27.29
34087_ACLP01000020_82039_83529	23.76
34071_ADCD01000042_97545_98981	30.51
62365_AKGS01000047_41057_42508	26.16
82073_JH806496_11505_12956	25.36
30473_ACEN01000094_12358_13809	27.33
40043_JH414768_60453_61973	27.87
47283_GL638200_26861_28312	26.80
86755_AKHL01000037_25529_26980	26.36
47281_GL638198_266596_268047	26.80
86765_AKHG01000029_12868_14319	26.36
86763_AKHH01000009_40963_42414	26.36
86761_AKHI01000030_52064_53515	26.36
62375_AKGW01000039_29706_31157	26.36
62395_AKHF01000067_40997_42448	26.36
86759_AKHJ01000028_41010_42461	26.36
62347_AKGJ01000032_10409_11860	26.36
62353_AKGM01000031_10444_11895	26.36
62373_AKGV01000036_77868_79319	26.36
62391_AKHE01000086_84219_85670	26.36
62379_AKGY01000034_40973_42424	26.36
62351_AKGL01000008_41013_42464	26.36
62385_AKHB01000022_103067_104518	26.36
62389_AKHD01000034_84178_85629	26.36
62383_AKHA01000028_85246_86697	26.36
62361_AKGQ01000050_84238_85689	26.36
169489_KE332518_2267850_2269316	26.87
64803_JH724086_1166299_1167777	25.64
30027_EQ973490_70917_72395	25.64
30027_EQ973490_1761719_1763242	25.84
20523_ABJL02000007_933225_934748	26.04
19659_DS544183_253038_254510	26.23
62387_AKHC01000040_77894_79345	26.36
30483_ACEO02000012_88590_90041	27.07
42531_GL890583_647624_649030	24.13
64803_JH724090_355526_357049	25.84
38347_GG705213_78030_79553	25.84
38747_GL635793_319052_320503	27.03
64811_JH724178_68087_69610	25.84
32441_JH636046_319679_321202	25.84
40013_GL945047_327615_329138	25.84
64817_JH724197_331385_332908	25.84
64815_JH724191_75440_76963	25.84
64821_JH724218_136093_137616	25.84
64813_JH724181_543882_545405	25.84
64813_JH724181_1223364_1224842	24.95
71527_JH815491_1539838_1541361	25.84
71527_JH815491_845195_846673	24.95
52981_GL622296_2837701_2839107	25.00
64819_JH724206_3540001_3541524	25.84
64819_JH724206_2733917_2735395	24.95
52155_KB375284_404238_405665	26.27
52155_KB375284_843806_845218	27.52
30067_DS990264_118904_120310	27.14
34085_ACQV01000003_41747_43198	27.68
30023_JH414486_84134_85573	28.03
78571_ALJQ01000010_8335_9831	27.38
