33073_GL891957_65518_67038	ENS	dhb|sal
38509_GG704572_1061018_1062538	ENS	dhb|sal
31335_ACYI01000068_39731_40786	ENS	ala
33071_GL891647_66836_68356	ENS	dhb|sal
33017_GL891612_108062_109582	ENS	dhb|sal
34067_ACNO01000001_713028_714470	ENS	dhb|sal
40007_JH414757_275050_276525	ENS	dhb|sal
41947_GG753600_610232_611752	ENS	dhb|sal
33143_GG698602_1326721_1328085	ENS	dhb|sal
19923_ACCK01000328_5_586	ENS	ala
42757_ADMM01000075_974_2140	ENS	ala
75147_AJMU01000049_8632_10179	ENS	ala
75151_AJGH01000091_21278_22684	ENS	ala
220577_NZ_AVQI01000084_159166_160650	ENS	ala
38737_GG739928_7775_9271	ENS	ala
39415_GL520220_489368_490870	ENS	ala
39391_JH815238_529620_531122	ENS	ala
18173_AAXG02000055_30820_32262	ENS	dhb|sal
34071_ADCD01000095_80918_82378	ENS	ala
40003_GL635753_93563_95029	ENS	dhb|sal
40003_GL635753_358182_359600	ENS	dhb|sal
80241_KB291526_5895_7364	ENS	dhb|sal
71525_JH815483_1621498_1622976	ENS	ala
30475_ACEQ02000009_43512_44984	ENS	ala
32433_EQ973214_215410_216888	ENS	ala
43117_JH114215_300217_301608	ENS	dhb|sal
67205_KB290717_52184_53653	ENS	ala
78903_AJZR01000049_71371_72840	ENS	dhb|sal
170040_NZ_AJZR01000049_71371_72840	ENS	dhb|sal
53023_GL872413_1402733_1404214	ENS	dhb|sal
72497_KB905487_1396151_1397629	ENS	ala
38739_GL636025_141040_142503	ENS	ala
31445_GG700815_43299_44726	ENS	ala
170347_KE150491_249779_251248	ENS	dhb|sal
34083_ACPZ01000067_68626_70068	ENS	ala
66915_JH164926_1970126_1971634	ENS	ala
41985_KE150242_502140_503621	ENS	ala
170352_KB905472_999313_1000842	ENS	dhb|sal
170352_KB905472_2911793_2913271	ENS	ala
40717_GL883075_9_893	ENS	ala
80245_KB291206_5980_7449	ENS	dhb|sal
169492_KE332515_1247904_1249382	ENS	ala
52145_JH603147_181762_183192	ENS	dhb|sal
38355_GG730107_943043_944407	ENS	dhb|sal
31013_ACFR01000001_9159_10613	ENS	ala
31387_ACLQ01000034_25917_27398	ENS	dhb|sal
40009_GL622548_121049_122527	ENS	ala
27827_DS995511_879747_881225	ENS	ala
220932_NZ_AWEY01000007_161916_163403	ENS	ala
18211_DS480320_39718_41148	ENS	dhb|sal
34081_ACVR01000076_20991_22502	ENS	ala
38345_GG705132_597765_599276	ENS	ala
38345_GG705132_702076_703569	ENS	ala
30997_ABZV01000005_165675_167144	ENS	ala
19859_DS499669_62925_64403	ENS	ala
52191_KE340320_85206_86690	ENS	dhb|sal
38347_GG705210_610925_612403	ENS	ala
40013_GL945043_608381_609859	ENS	ala
64817_JH724193_596896_598374	ENS	ala
64815_JH724188_1955505_1956983	ENS	ala
32441_JH636044_633148_634626	ENS	ala
64821_JH724215_673256_674734	ENS	ala
64823_JH724314_1079247_1080725	ENS	ala
34583_ADNU01000046_100221_101648	ENS	dhb|sal
52189_KE161015_82996_84480	ENS	dhb|sal
78587_ALNN01000015_35589_37070	ENS	ala
78901_AKFR01000010_32626_34095	ENS	dhb|sal
34067_ACNO01000069_4741_6255	ENS	dhb|sal
64835_JH724268_973609_974973	ENS	thr
67197_KB291457_9540_11009	ENS	dhb|sal
71531_KE340309_869859_871337	ENS	ala
65129_JH556650_346021_347505	ENS	hpg|hpg2cl
169459_KE340302_841652_843166	ENS	ala
51495_GL833119_836231_837745	ENS	ala
78899_AKFV01000009_9669_11138	ENS	dhb|sal
75173_AJMW01000018_82540_84090	ENS	ala
51493_GL573160_774486_775955	ENS	dhb|sal
75175_AJTC01000008_3447_4997	ENS	ala
31383_CP002122_1508665_1510161	ENS	ala
50525_GL397187_802090_803562	ENS	ala
52193_JH590834_85537_86985	ENS	dhb|sal
52193_JH590834_2845687_2847120	ENS	ala
47241_GG772146_151562_152992	ENS	dhb|sal
52187_JH815536_90562_92010	ENS	dhb|sal
52195_JH590837_84819_86267	ENS	dhb|sal
42555_CP001850_1221076_1222524	ENS	dhb|sal
53197_GL872339_1405509_1407059	ENS	ala
38359_GG698741_226971_228485	ENS	ala
52187_JH815535_1452652_1454085	ENS	ala
30479_ADBE01000055_8969_10441	ENS	ala
64891_JH976458_29089_30603	ENS	ala
64885_JH976489_673544_675058	ENS	ala
38351_GG705151_553589_555103	ENS	ala
18193_DS264527_27392_28906	ENS	ala
64893_JH976527_31957_33471	ENS	ala
42541_KI391947_214802_216244	ENS	dhb|sal
32437_EQ973177_591239_592753	ENS	ala
52189_KE161016_640408_641841	ENS	ala
64883_JH976495_222838_224352	ENS	ala
41951_GG774761_227353_228867	ENS	ala
52195_JH590838_474053_475486	ENS	ala
30007_DS996456_372983_374497	ENS	ala
64889_JH976465_655515_657029	ENS	ala
32439_EQ973362_113949_115427	ENS	ala
30371_EQ973649_1924_3402	ENS	ala
30493_EQ973317_680950_682389	ENS	ala
52191_KE340319_401300_402733	ENS	ala
18159_DS264283_84784_86217	ENS	dhb|sal
29299_GG705265_158845_160290	ENS	ala
30469_ACDY02000016_8249_9712	ENS	ala
18157_DS264384_34193_35629	ENS	dhb|sal
64887_JH976472_1105807_1107285	ENS	ala
40707_ADWT01000077_13724_15154	ENS	dhb|sal
40713_ADWV01000016_17213_18643	ENS	dhb|sal
40701_ADWR01000003_6996_8426	ENS	dhb|sal
47219_GG771630_74279_75709	ENS	dhb|sal
40699_ADWQ01000002_267588_269018	ENS	dhb|sal
47217_GG773293_4825_6255	ENS	dhb|sal
47265_GG771972_74623_76053	ENS	dhb|sal
39419_JH414691_136767_138203	ENS	dhb|sal
18163_AAVM02000008_128180_129658	ENS	ala
34081_ACVR01000046_37257_38750	ENS	ala
64729_GL985622_140567_142021	ENS	ala
30477_ACDX02000001_47739_49193	ENS	ala
31521_GG770553_950383_951813	ENS	ala
80243_KB291305_13218_14681	ENS	dhb|sal
47271_GG774075_7733_9163	ENS	dhb|sal
64801_JH724080_53059_54537	ENS	ala
47263_GG773717_75096_76526	ENS	dhb|sal
47229_GG773477_75081_76511	ENS	dhb|sal
75141_AJMT01000036_3933_5387	ENS	ala
30481_ACKO02000007_110260_111714	ENS	ala
40033_JH164966_414912_416366	ENS	ala
40007_JH414741_17440_18837	ENS	ala
34583_ADNU01000049_52346_53839	ENS	ala
47227_GG771790_74573_76003	ENS	dhb|sal
32507_GG657384_915975_917405	ENS	dhb|sal
46411_GL892006_96245_97738	ENS	ala
34067_ACNO01000109_21318_22742	ENS	dhb|sal
67177_AFUP01000006_60115_60696	ENS	ala
52167_KE150292_142199_143653	ENS	ala
52167_KE150297_18184_19221	ENS	dhb|sal
34083_ACPZ01000068_99734_101209	ENS	ala
80239_KB291541_11597_13012	ENS	ala
64735_GL982489_1029804_1031201	ENS	ala
48501_JH376599_31872_33386	ENS	ala
34661_GG697129_385401_386780	ENS	ala
27831_DS995532_139726_141204	ENS	ala
64807_JH724137_233402_234880	ENS	ala
64809_JH724156_12475_13953	ENS	ala
64805_JH724113_225655_227133	ENS	ala
38353_GG705229_820427_821905	ENS	ala
32445_EQ973126_823990_825468	ENS	ala
32451_JH114322_201198_202676	ENS	ala
52169_KE150401_225479_226516	ENS	dhb|sal
34583_ADNU01000039_25289_26311	ENS	ala
61827_AFDH01000031_17830_19287	ENS	leu
61827_AFDH01000031_37170_38639	ENS	gly
61827_AFDH01000031_24507_25973	ENS	ala
61827_AFDH01000031_21165_22619	ENS	gly
61827_AFDH01000031_14656_16128	ENS	leu|val
61827_AFDH01000031_29215_30717	ENS	ser
61827_AFDH01000031_32473_34065	ENS	ala
72483_KE150413_2260170_2261627	ENS	leu
72483_KE150413_2240818_2242287	ENS	gly
72483_KE150413_2253484_2254950	ENS	ala
72483_KE150413_2256838_2258292	ENS	gly
72483_KE150413_2831483_2832964	ENS	ser
72483_KE150413_2263329_2264801	ENS	leu|val
72483_KE150413_2828318_2829766	ENS	ser
72483_KE150413_2248740_2250242	ENS	ser
72483_KE150413_2245392_2246984	ENS	ala
72483_KE150413_2819461_2820951	ENS	ala
72483_KE150413_2834624_2836099	ENS	ile
72483_KE150413_2816212_2817666	ENS	gly
72483_KE150413_2681797_2683254	ENS	ala
72483_KE150413_2942652_2943122	ENS	ala
61827_AFDH01000030_37406_38857	ENS	leu
61827_AFDH01000030_41380_42051	ENS	dab
72483_KE150412_273099_274550	ENS	leu
72483_KE150412_287281_288726	ENS	leu
72483_KE150412_2051531_2052994	ENS	ala
72483_KE150412_282748_284217	ENS	ile
72483_KE150412_20775_22208	ENS	phe
72483_KE150412_2048354_2049859	ENS	dab
72483_KE150412_304782_306293	ENS	dab
72483_KE150412_13170_14633	ENS	ala
72483_KE150412_25236_26747	ENS	ala
72483_KE150412_16335_17744	ENS	val
72483_KE150412_342018_343508	ENS	thr
72483_KE150412_345285_346766	ENS	ala
72483_KE150412_2055004_2056545	ENS	ala
72483_KE150412_291351_291674	ENS	orn
72483_KE150412_291673_291717	ENS	dab
61827_AFDH01000130_10464_11909	ENS	leu
61827_AFDH01000130_5931_7400	ENS	ile
61827_AFDH01000130_2640_4289	ENS	dab
61827_AFDH01000130_14405_14803	ENS	horn
61827_AFDH01000062_272_1735	ENS	ala
40005_JH414712_232260_233708	ENS	leu
40005_JH414712_229092_230579	ENS	leu
40005_JH414712_253087_254529	ENS	ser
40005_JH414712_284893_286353	ENS	tyr
40005_JH414712_237236_238672	ENS	asn
40005_JH414712_267104_268582	ENS	ala
40005_JH414712_250227_251654	ENS	thr
40005_JH414712_263978_265411	ENS	ala
40005_JH414712_288061_289551	ENS	leu
40001_GL635728_248231_249688	ENS	val
40001_GL635728_256388_257860	ENS	leu
40001_GL635728_236012_237487	ENS	ile
40001_GL635728_245102_246583	ENS	asp
40001_GL635728_242171_243448	ENS	leu
40001_GL635728_253475_254743	ENS	leu
40001_GL635728_259505_261004	ENS	gln
40001_GL635728_240647_241018	ENS	ala
40001_GL635728_364277_365710	ENS	dhb|sal
40001_GL635728_252777_253115	ENS	ala
61827_AFDH01000057_11801_13234	ENS	phe
61827_AFDH01000057_4196_5659	ENS	ala
61827_AFDH01000057_16262_17773	ENS	ala
61827_AFDH01000057_7361_8770	ENS	val
61827_AFDH01000057_2_1183	ENS	ala
61827_AFDH01000097_98445_99950	ENS	dab
61827_AFDH01000083_4020_5531	ENS	dab
40005_JH414709_620841_622313	ENS	ala
40005_JH414709_614523_615986	ENS	ser
40005_JH414709_607972_609417	ENS	ala
40005_JH414709_910554_912008	ENS	ala
40005_JH414709_611155_612564	ENS	ala
40005_JH414709_486463_487935	ENS	gly
40005_JH414709_603380_604885	ENS	athr|thr
40005_JH414709_625379_626806	ENS	ala
40005_JH414709_489643_491136	ENS	thr
40005_JH414709_617709_619100	ENS	ala
40005_JH414709_907509_908897	ENS	cys
61827_AFDH01000088_23114_24595	ENS	ser
61827_AFDH01000088_26312_27760	ENS	ser
61827_AFDH01000088_35127_36617	ENS	ala
61827_AFDH01000088_19979_21454	ENS	ile
61827_AFDH01000088_38412_39866	ENS	gly
64725_GL892032_3669799_3671259	ENS	gly
64725_GL892032_2720790_2722223	ENS	gln
64725_GL892032_3666565_3668118	ENS	ala
64725_GL892032_2723943_2725403	ENS	ala
64725_GL892032_163_1389	ENS	asn
64725_GL892032_2_178	ENS	ala
64725_GL892032_2715420_2716871	ENS	leu
64725_GL892032_2727140_2728591	ENS	ala
64725_GL892032_728633_730063	ENS	dhb|sal
64725_GL892032_199896_201134	ENS	ala
64725_GL892032_2612125_2613546	ENS	val
40005_JH414713_114329_115819	ENS	leu
40001_GL635727_885069_886508	ENS	gly
40001_GL635727_881817_883343	ENS	thr
40001_GL635727_1065144_1066592	ENS	ala
40001_GL635727_297924_299306	ENS	ala
40001_GL635727_181305_182816	ENS	dhb|sal
32503_ACII02000003_1908444_1909853	ENS	ala
32503_ACII02000003_1902420_1903841	ENS	ala
32503_ACII02000003_1905453_1906862	ENS	ala
32503_ACII02000003_1319279_1320679	ENS	ala
40037_JH376469_139440_140945	ENS	thr
40037_JH376469_145709_147202	ENS	horn
40037_JH376469_197150_198595	ENS	glu
40037_JH376469_157135_158571	ENS	arg
40037_JH376469_189281_190843	ENS	ala
40037_JH376469_142514_144031	ENS	horn
40037_JH376469_193907_195415	ENS	orn
40037_JH376469_163365_164381	ENS	ser
40037_JH376469_21936_23186	ENS	glu
40037_JH376469_153909_154478	ENS	ala
40037_JH376469_28704_29621	ENS	ala
52169_KE150391_1149_2621	ENS	hpg|hpg2cl
52167_KE150337_1633_3105	ENS	hpg|hpg2cl
40037_JH376461_970507_971934	ENS	ser
40037_JH376461_153567_154967	ENS	ala
40037_JH376461_967372_968865	ENS	ala
31525_CM001149_828857_830278	ENS	ala
31525_CM001149_2623347_2624798	ENS	leu
31525_CM001149_4746601_4748034	ENS	ala
31525_CM001149_847634_849145	ENS	ser
31525_CM001149_4737058_4738551	ENS	hpg|hpg2cl
31525_CM001149_4763152_4764579	ENS	ser
31525_CM001149_4770535_4771971	ENS	ser
31525_CM001149_4756798_4758315	ENS	ser
31525_CM001149_4760023_4761462	ENS	leu|val
31525_CM001149_454230_455744	ENS	ala
31525_CM001149_844466_845938	ENS	val
31525_CM001149_4001347_4002786	ENS	ala
31525_CM001149_4776919_4778346	ENS	hpg|hpg2cl
31525_CM001149_4740262_4741716	ENS	ala
31525_CM001149_4016938_4018356	ENS	val
31525_CM001149_2555389_2556882	ENS	orn
31525_CM001149_2631144_2632601	ENS	ser
31525_CM001149_832007_833485	ENS	ile
31525_CM001149_4767376_4768812	ENS	val
31525_CM001149_836645_838162	ENS	athr|thr
31525_CM001149_4749745_4751202	ENS	ala
31525_CM001149_4013767_4015242	ENS	d-ala
31525_CM001149_2635626_2637095	ENS	ala
31525_CM001149_4752934_4754370	ENS	hpg
31525_CM001149_4005955_4007427	ENS	val
31525_CM001149_850853_852343	ENS	val
31525_CM001149_4743451_4744899	ENS	val
31525_CM001149_4009120_4010601	ENS	thr
31525_CM001149_839900_841330	ENS	val
31525_CM001149_2561241_2562662	ENS	orn
31525_CM001149_2550769_2552280	ENS	orn
31525_CM001149_462075_463532	ENS	leu
31525_CM001149_2564343_2565812	ENS	orn
31525_CM001149_4773712_4775193	ENS	leu
31525_CM001149_2626491_2628035	ENS	horn
31525_CM001149_457443_458930	ENS	ala
31525_CM001149_3998116_3999639	ENS	thr
31525_CM001149_4251276_4252661	ENS	ala
31525_CM001149_449592_451076	ENS	thr
31525_CM001149_4257402_4258805	ENS	thr
31525_CM001149_4254369_4255703	ENS	ile
31525_CM001149_4266342_4267658	ENS	ala
31525_CM001149_4260519_4261889	ENS	ala
31525_CM001149_2844904_2846274	ENS	ala
31525_CM001149_4263426_4264643	ENS	ala
31525_CM001149_4848100_4849587	ENS	ala
31525_CM001149_3727723_3729144	ENS	ala
31525_CM001149_3956971_3958008	ENS	ala
31525_CM001149_2266520_2267962	ENS	ala
31525_CM001149_3697769_3699214	ENS	dhb|sal
31525_CM001149_3681469_3682929	ENS	ala
30953_GL379783_276688_278115	ENS	ala
34067_ACNO01000074_3100_4536	ENS	val
34067_ACNO01000104_297534_298967	ENS	d-leu
34067_ACNO01000104_285294_286754	ENS	ala
34067_ACNO01000104_289797_291224	ENS	ser
34067_ACNO01000104_294321_295856	ENS	horn
34067_ACNO01000104_26192_27637	ENS	ala
54029_AEXS01000159_29277_30746	ENS	ala
54029_AEXS01000159_26028_27563	ENS	thr
34067_ACNO01000120_130_1605	ENS	hpg
52127_KB373323_257771_259192	ENS	ala
52127_KB373323_254699_256147	ENS	val
72491_KE150427_1036264_1037724	ENS	ser
72491_KE150427_1040922_1042442	ENS	orn
72491_KE150427_1033138_1034550	ENS	ala
72491_KE150427_1044213_1045739	ENS	ala
72491_KE150427_1028176_1029582	ENS	thr
72491_KE150427_2006269_2007597	ENS	ala
72491_KE150427_814822_816231	ENS	ala
31521_GG770555_295681_297102	ENS	alaninol
31521_GG770555_40462_41901	ENS	thr
31521_GG770555_51253_52656	ENS	phe
31521_GG770555_288040_289470	ENS	alaninol
31521_GG770555_26141_27538	ENS	alaninol
31521_GG770555_48058_49530	ENS	thr
31521_GG770555_21677_23065	ENS	alaninol
31521_GG770555_37312_38718	ENS	thr
31521_GG770555_284875_286305	ENS	phe
31521_GG770555_12681_14105	ENS	phe
31521_GG770555_30985_32385	ENS	athr|thr
31521_GG770555_44932_46347	ENS	alaninol
31521_GG770555_300163_301584	ENS	phe
31521_GG770555_281710_283143	ENS	ala
31521_GG770555_292504_293910	ENS	thr
31521_GG770555_17139_18575	ENS	athr|thr
31521_GG770555_34147_35598	ENS	thr
31521_GG770555_919451_920494	ENS	dhb|sal
54029_AEXS01000069_2098_3621	ENS	ala
34653_GL622352_822639_824060	ENS	ala
34653_GL622352_819567_821015	ENS	val
34653_GL622352_52887_54257	ENS	val
34653_GL622352_45799_47160	ENS	leu
34653_GL622352_33264_34610	ENS	cys
34653_GL622352_48726_50072	ENS	ala
34653_GL622352_41529_42923	ENS	leu
34653_GL622352_492577_494040	ENS	ala
72485_KE150418_275447_276829	ENS	ala
72485_KE150418_272375_273811	ENS	leu|val
72485_KE150418_454023_455402	ENS	ala
34067_ACNO01000082_221747_223180	ENS	ala
34067_ACNO01000082_232664_234115	ENS	val
34067_ACNO01000082_229502_230983	ENS	ser
34067_ACNO01000082_133120_134532	ENS	val
34067_ACNO01000082_210647_212116	ENS	leu
34067_ACNO01000082_213830_215302	ENS	ile
34067_ACNO01000082_226370_227809	ENS	val
34067_ACNO01000082_129958_131391	ENS	val
34067_ACNO01000082_218480_219997	ENS	thr
34067_ACNO01000082_136252_137658	ENS	val
34067_ACNO01000082_126730_128217	ENS	bmt
52169_KE150367_61485_62963	ENS	ala
52169_KE150367_56958_58430	ENS	arg
52169_KE150349_1201267_1202754	ENS	ser
52169_KE150349_1209397_1210857	ENS	asp
71513_JH815580_648870_650333	ENS	ser
71517_JH815584_1199518_1200981	ENS	ser
71519_JH815589_2035811_2037274	ENS	ser
52169_KE150394_676_2160	ENS	ser
52167_KE150338_770_2254	ENS	ser
71515_JH823256_2468513_2469976	ENS	ser
40021_JH114301_674217_675626	ENS	ala
40021_JH114301_671106_672530	ENS	ala
40021_JH114301_677307_678665	ENS	ala
34067_ACNO01000048_18353_19837	ENS	ser
34067_ACNO01000048_22232_23710	ENS	hpg
34067_ACNO01000048_11993_13468	ENS	hpg
34067_ACNO01000048_15167_16633	ENS	ser
34067_ACNO01000048_1370_2818	ENS	hpg
34067_ACNO01000048_4550_5986	ENS	d-ala
34067_ACNO01000048_8777_10255	ENS	thr
34067_ACNO01000048_30134_31612	ENS	d-ala
34067_ACNO01000048_25451_26920	ENS	ala
40685_KI391954_467581_468993	ENS	ala
40685_KI391954_477678_479096	ENS	ala
40685_KI391954_554770_556173	ENS	ala
40685_KI391954_464322_465743	ENS	thr
61827_AFDH01000132_4579_6069	ENS	thr
61827_AFDH01000132_7846_9327	ENS	ala
38749_GL545278_623184_624608	ENS	bmt
38749_GL545278_626229_627680	ENS	val
38749_GL545278_425914_427368	ENS	ala
52167_KE150309_557_2050	ENS	ala
52167_KE150309_5099_6571	ENS	arg
31013_ACFR01000006_39081_40505	ENS	bmt
31013_ACFR01000006_36009_37460	ENS	val
72491_KE150426_2150054_2151466	ENS	ala
72491_KE150426_1708069_1709493	ENS	ala
72491_KE150426_2389543_2390982	ENS	val
72491_KE150426_2070477_2071934	ENS	dhb|sal
34067_ACNO01000029_8411_9895	ENS	hpg
34067_ACNO01000029_2078_3553	ENS	val
34067_ACNO01000029_5261_6709	ENS	ala
52167_KE150318_7659_9146	ENS	ser
52167_KE150318_15774_17234	ENS	asp
52167_KE150318_18990_19790	ENS	ala
52167_KE150270_336351_337730	ENS	phe
52167_KE150270_323908_325347	ENS	nme-fhorn
52167_KE150270_320800_322119	ENS	ala
52167_KE150270_331797_333263	ENS	arg
62345_AKGI01000025_112905_114353	ENS	val
62345_AKGI01000025_115974_117398	ENS	ala
62349_AKGK01000057_136792_138240	ENS	val
62349_AKGK01000057_139861_141285	ENS	ala
38511_KI391939_1100034_1101503	ENS	ser
38511_KI391939_3241957_3243399	ENS	gly
38511_KI391939_2180322_2181788	ENS	ser
38511_KI391939_1103151_1104641	ENS	orn
38511_KI391939_724576_726096	ENS	dhb|sal
41961_JH114231_681170_682711	ENS	ala
62371_AKGU01000058_218064_219512	ENS	val
62371_AKGU01000058_215019_216443	ENS	ala
62371_AKGU01000058_40523_41974	ENS	ala
62363_AKGR01000012_61557_63005	ENS	val
62363_AKGR01000012_58512_59936	ENS	ala
38337_GG704949_1127124_1128587	ENS	ser
38337_GG704949_1130244_1131734	ENS	orn
38337_GG704949_751082_752602	ENS	dhb|sal
38337_GG704949_1266462_1267964	ENS	dhb|sal
169487_KE150472_2750450_2751934	ENS	ser
169487_KE150472_1220961_1222463	ENS	asn
169487_KE150472_2746257_2747846	ENS	val
169487_KE150472_2757358_2758851	ENS	thr
169487_KE150472_61524_63062	ENS	lys
62369_AKGT01000049_36365_37813	ENS	val
62369_AKGT01000049_33320_34744	ENS	ala
62381_AKGZ01000034_36377_37825	ENS	val
62381_AKGZ01000034_33332_34756	ENS	ala
62353_AKGM01000007_43886_45334	ENS	val
62353_AKGM01000007_40841_42265	ENS	ala
34067_ACNO01000036_4762_6231	ENS	leu
34067_ACNO01000036_10957_12405	ENS	ser
34067_ACNO01000036_15472_16905	ENS	leu
34067_ACNO01000036_60960_62369	ENS	thr
34067_ACNO01000036_1612_3039	ENS	hpg
34067_ACNO01000036_7900_9279	ENS	val
34067_ACNO01000036_64107_65522	ENS	ala
34067_ACNO01000036_51780_53210	ENS	val
34067_ACNO01000036_54924_56189	ENS	ala
34067_ACNO01000036_57828_59234	ENS	ala
34067_ACNO01000066_9589_11076	ENS	ala
34067_ACNO01000066_1762_3255	ENS	thr
34067_ACNO01000066_6421_7857	ENS	ile
34067_ACNO01000066_107378_108838	ENS	dhb|sal
62387_AKHC01000046_40087_41511	ENS	ala
62387_AKHC01000046_43132_44580	ENS	val
62385_AKHB01000039_41950_43398	ENS	val
62385_AKHB01000039_38905_40329	ENS	ala
86765_AKHG01000023_19295_20743	ENS	val
86765_AKHG01000023_22364_23788	ENS	ala
62373_AKGV01000049_21173_22621	ENS	val
62373_AKGV01000049_18128_19552	ENS	ala
62351_AKGL01000043_64982_66430	ENS	val
62351_AKGL01000043_68051_69475	ENS	ala
62365_AKGS01000049_43169_44617	ENS	val
62365_AKGS01000049_40124_41548	ENS	ala
62377_AKGX01000030_67610_69058	ENS	val
62377_AKGX01000030_70679_72103	ENS	ala
62395_AKHF01000107_21255_22703	ENS	val
62395_AKHF01000107_18210_19634	ENS	ala
62391_AKHE01000026_28281_29729	ENS	val
62391_AKHE01000026_25236_26660	ENS	ala
86759_AKHJ01000035_21217_22665	ENS	val
86759_AKHJ01000035_18172_19596	ENS	ala
86763_AKHH01000014_21239_22687	ENS	val
86763_AKHH01000014_18194_19618	ENS	ala
86757_AKHK01000030_30782_32230	ENS	val
86757_AKHK01000030_27737_29161	ENS	ala
62383_AKHA01000029_43725_45173	ENS	val
62383_AKHA01000029_40680_42104	ENS	ala
62379_AKGY01000036_66596_68044	ENS	val
62379_AKGY01000036_69665_71089	ENS	ala
62389_AKHD01000035_62286_63734	ENS	val
62389_AKHD01000035_59241_60665	ENS	ala
62347_AKGJ01000029_121713_123161	ENS	val
62347_AKGJ01000029_124782_126206	ENS	ala
34077_ADEY01000032_65639_67087	ENS	val
34077_ADEY01000032_68708_70132	ENS	ala
34077_ADEY01000032_229471_230922	ENS	ala
31545_GG696727_345337_346785	ENS	val
31545_GG696727_348406_349830	ENS	ala
31545_GG696727_514559_516010	ENS	ala
34643_GG749255_1389945_1391393	ENS	val
34643_GG749255_1386900_1388324	ENS	ala
34643_GG749255_1200648_1202099	ENS	ala
82073_JH806468_63293_64753	ENS	trp
82073_JH806468_66416_67828	ENS	ile
34647_GG696774_658632_660056	ENS	ala
34647_GG696774_661677_663125	ENS	val
34647_GG696774_734778_736178	ENS	cys
34647_GG696774_739107_740282	ENS	cys
34647_GG696774_439708_441162	ENS	ala
65133_JH417874_375204_376676	ENS	ser
19921_GG697986_712038_713498	ENS	trp
19921_GG697986_708963_710375	ENS	ile
19921_GG697986_775997_777370	ENS	ala
19921_GG697986_436235_437686	ENS	ala
64683_AGUC01000051_47915_49363	ENS	val
64683_AGUC01000051_44870_46294	ENS	ala
34655_GG696800_85978_87402	ENS	ala
34655_GG696800_82909_84357	ENS	val
34655_GG696800_256239_257690	ENS	ala
62359_AKGP01000021_34298_35746	ENS	val
62359_AKGP01000021_31253_32677	ENS	ala
62357_AKGO01000075_79087_80535	ENS	val
62357_AKGO01000075_82156_83580	ENS	ala
62357_AKGO01000075_258824_260275	ENS	ala
31541_GG698166_12989_14449	ENS	trp
31541_GG698166_9914_11326	ENS	ile
31541_GG698166_78906_80279	ENS	ala
32479_GG657999_30490_31950	ENS	asn
38519_KI391961_197364_198824	ENS	asn
62361_AKGQ01000051_20738_22186	ENS	val
62361_AKGQ01000051_17693_19117	ENS	ala
86755_AKHL01000039_40558_41982	ENS	ala
86755_AKHL01000039_43603_45051	ENS	val
86761_AKHI01000028_76597_78021	ENS	ala
86761_AKHI01000028_73528_74976	ENS	val
62375_AKGW01000036_62364_63788	ENS	ala
62375_AKGW01000036_65409_66857	ENS	val
52117_KB373336_493645_495093	ENS	val
52117_KB373336_490600_492024	ENS	ala
52117_KB373336_301284_302735	ENS	ala
31539_CP002110_347804_349264	ENS	phe
31539_CP002110_350927_352339	ENS	val
31539_CP002110_2440312_2441703	ENS	ala|gly
31539_CP002110_283555_284928	ENS	ala
31539_CP002110_648681_650132	ENS	ala
50533_GL397103_1138417_1139877	ENS	trp
50533_GL397103_1135342_1136754	ENS	val
50533_GL397103_2544108_2545499	ENS	ala|gly
50533_GL397103_1201681_1203054	ENS	ala
50533_GL397103_801770_803221	ENS	ala
47281_GL638170_37226_38686	ENS	phe
47281_GL638170_34151_35563	ENS	ile
47281_GL638170_103024_104397	ENS	ala
47283_GL638237_37228_38688	ENS	phe
47283_GL638237_34153_35565	ENS	ile
47283_GL638237_103107_104480	ENS	ala
31533_CM000952_805207_806667	ENS	trp
31533_CM000952_808330_809742	ENS	val
31533_CM000952_72933_74324	ENS	ala|gly
31533_CM000952_742196_743569	ENS	ala
31533_CM000952_1082482_1083534	ENS	ala
48445_GG774481_309497_310957	ENS	trp
48445_GG774481_312620_314032	ENS	ile
48445_GG774481_239264_240637	ENS	ala
48445_GG774481_591842_593293	ENS	ala
31543_GL538356_348051_349511	ENS	trp
31543_GL538356_351174_352586	ENS	ile
31543_GL538356_2433124_2434515	ENS	ala|gly
31543_GL538356_277819_279192	ENS	ala
31543_GL538356_655296_656747	ENS	ala
62355_AKGN01000047_56779_58227	ENS	val
62355_AKGN01000047_53734_55158	ENS	ala
70153_JH600015_37455_38828	ENS	ser
46379_JH414886_425182_426684	ENS	ser
32453_KI391991_1235037_1236539	ENS	ser
41963_KE150238_2848798_2850339	ENS	ala
52145_JH603146_1324911_1326380	ENS	ser
52145_JH603146_3363196_3364395	ENS	cys
39153_FP929051_1235232_1236635	ENS	ala
39153_FP929051_1232160_1233569	ENS	ala
39153_FP929051_1446903_1448342	ENS	ala
40087_GG753567_2796851_2798299	ENS	ser
53187_GL890976_319993_321384	ENS	phe
53187_GL890976_328292_329554	ENS	ser
53187_GL890976_329563_329757	ENS	ala
53187_GL890976_323119_324450	ENS	aad
64743_GL982553_320193_321584	ENS	phe
64743_GL982553_328492_329958	ENS	ser
64743_GL982553_323319_324650	ENS	aad
28665_GG730299_2277578_2279089	ENS	ser
28665_GG730299_2251300_2252745	ENS	dhb|sal
28665_GG730299_1450737_1452173	ENS	dhb|sal
40049_GG745509_441860_443329	ENS	ser
61827_AFDH01000014_366_1556	ENS	ala
34067_ACNO01000093_5567_7006	ENS	ala
34067_ACNO01000093_10193_11638	ENS	ala
52153_JH603150_5140248_5141699	ENS	ser
52153_JH603150_394175_395635	ENS	ala
52153_JH603150_390958_392376	ENS	ala
52153_JH603150_520703_521926	ENS	cys
170352_KB905473_245991_247502	ENS	ala
40009_GL622538_286252_287763	ENS	ala
42769_ADMO01000148_111084_112595	ENS	ala
38767_GG775004_8646_10157	ENS	ala
38767_GG775004_112757_114271	ENS	ala
32439_EQ973356_678328_679839	ENS	ala
32439_EQ973356_501330_502739	ENS	ala
34067_ACNO01000017_1642_3099	ENS	val
38737_GG739940_33981_35483	ENS	ala
169456_JH930428_786276_787745	ENS	ser
47223_GL882702_11648_13117	ENS	ser
169453_JH930438_3879866_3881335	ENS	ser
169453_JH930438_1912679_1914112	ENS	ser
169453_JH930438_1915580_1917019	ENS	ala
169453_JH930438_1922056_1923459	ENS	gly
169453_JH930438_1898260_1899648	ENS	val
169453_JH930438_1925203_1926495	ENS	cys
169453_JH930438_1932188_1933576	ENS	asn
169453_JH930438_1978904_1980103	ENS	cys
169455_JH930422_4068324_4069793	ENS	ser
169455_JH930422_2101105_2102538	ENS	ser
169455_JH930422_2104006_2105445	ENS	ala
169455_JH930422_2110482_2111885	ENS	gly
169455_JH930422_2086686_2088074	ENS	val
169455_JH930422_2113629_2114921	ENS	cys
169455_JH930422_2120614_2122002	ENS	asn
169455_JH930422_2167549_2168748	ENS	cys
169454_JH930419_1244833_1246302	ENS	ser
31521_GG770554_1260318_1261724	ENS	lys
31521_GG770554_1263492_1264970	ENS	ala
31521_GG770554_1266779_1268200	ENS	ala
31521_GG770554_1251642_1253048	ENS	thr
31521_GG770554_254401_255744	ENS	ala
31521_GG770554_561089_562555	ENS	dhb|sal
31521_GG770554_20489_21952	ENS	dhb|sal
53031_GL892086_1290965_1292413	ENS	ser
40025_JH414799_447263_448732	ENS	ser
28663_GG704864_335922_337391	ENS	ser
33071_GL891710_5887_7329	ENS	gly
33017_GL891589_73268_74710	ENS	gly
52167_KE150331_1612_3105	ENS	gly
52167_KE150331_5025_5843	ENS	ala
67195_KB291729_197062_198462	ENS	ser
45967_FP929040_2190873_2192342	ENS	ser
64721_JH379181_6559_7971	ENS	ala
64719_JH379561_6559_7971	ENS	ala
34067_ACNO01000061_159_1589	ENS	thr
52989_GL636062_1216390_1217895	ENS	gly
52989_GL636062_1186360_1187910	ENS	ser
52989_GL636062_1207145_1208545	ENS	d-ala
52149_AKCF01000001_5257361_5258812	ENS	ser
52149_AKCF01000001_3259861_3261321	ENS	ala
52149_AKCF01000001_3256644_3258062	ENS	ala
52149_AKCF01000001_4034379_4035569	ENS	cys
41947_GG753605_52440_53882	ENS	gly
31439_GG770750_153692_155104	ENS	ala
31441_GG770713_370939_372351	ENS	ala
65135_JH379297_370176_371588	ENS	ala
52139_JH603143_541381_542832	ENS	ser
52139_JH603143_2603451_2604911	ENS	ala
52139_JH603143_2606710_2608128	ENS	ala
52139_JH603143_1754398_1755588	ENS	cys
52143_JH603137_968289_969740	ENS	ser
52143_JH603137_2311922_2313112	ENS	cys
30953_GL379781_963626_965062	ENS	ala
30953_GL379781_514174_515625	ENS	ala
30953_GL379781_601193_602671	ENS	dhb|sal
33073_GL891936_82442_83881	ENS	gly
78567_ALNJ01000072_33823_35304	ENS	ser
52137_JH603153_477431_478912	ENS	ser
38509_GG704579_51965_53404	ENS	gly
39387_GL945265_13147_14538	ENS	ala
39387_GL945265_10078_11457	ENS	ala
34067_ACNO01000004_345964_347409	ENS	leu
52169_KE150388_1408_2928	ENS	gly
38337_GG704953_52380_53813	ENS	gly
169487_KE150468_138683_140113	ENS	ser
169487_KE150468_79030_80421	ENS	ala
169487_KE150468_1026407_1027882	ENS	ala
18175_DS499699_31798_33189	ENS	ala
18175_DS499699_34879_36258	ENS	ala
53567_AEKN01000012_123564_125006	ENS	ala
53567_AEKN01000012_111822_113276	ENS	gly
53567_AEKN01000012_118023_119417	ENS	gly
78561_AKFU01000053_97117_98469	ENS	ala
47213_GG772450_105745_107217	ENS	ser
47273_GG771506_22473_23945	ENS	ser
61827_AFDH01000054_25003_26544	ENS	ala
39385_JH594553_370469_371941	ENS	ser
34067_ACNO01000032_109710_111179	ENS	arg
34067_ACNO01000032_104157_105581	ENS	gly
34067_ACNO01000032_101163_102641	ENS	horn
61827_AFDH01000048_3_980	ENS	leu
39169_FP929055_1271611_1273050	ENS	cys
39169_FP929055_1178850_1180268	ENS	cys
39169_FP929055_325065_326516	ENS	ala
39169_FP929055_1183108_1184469	ENS	cys
39169_FP929055_1275015_1276436	ENS	cys
39169_FP929055_1186396_1187790	ENS	cys
39169_FP929055_1267222_1268532	ENS	cys
39169_FP929055_1174611_1175852	ENS	cys
32507_GG657387_394987_396459	ENS	ser
47259_GG773533_125362_126834	ENS	ser
47209_GG774463_38081_39532	ENS	ser
47205_GG772754_44170_45642	ENS	ser
19053_AP009378_589143_590615	ENS	ser
19053_AP009378_1941918_1943117	ENS	cys
34067_ACNO01000011_30829_32238	ENS	leu
38739_GL636030_21658_22908	ENS	gly
47241_GG772164_6274_7722	ENS	ser
40709_ADWU01000019_84354_85802	ENS	ser
47257_GG773190_29190_30662	ENS	ser
47207_GG772291_125180_126652	ENS	ser
47267_GG774253_197346_198818	ENS	ser
31467_GG669099_468282_469754	ENS	ser
47225_GG773021_448870_450342	ENS	ser
32465_DS999459_592577_594049	ENS	ser
47269_GG772571_6281_7729	ENS	ser
47271_GG774118_111810_113258	ENS	ser
40703_ADWS01000012_111739_113187	ENS	ser
47229_GG773475_6272_7720	ENS	ser
47263_GG773725_6401_7849	ENS	ser
32467_JH660540_373969_375417	ENS	ser
47227_GG771853_105797_107245	ENS	ser
40701_ADWR01000025_41664_43112	ENS	ser
40699_ADWQ01000012_112397_113845	ENS	ser
47219_GG771700_31969_33417	ENS	ser
40707_ADWT01000003_77569_79017	ENS	ser
40713_ADWV01000012_114128_115576	ENS	ser
47231_GG772968_6165_7613	ENS	ser
18057_AP009240_700789_702237	ENS	ser
32463_JH815271_374057_375505	ENS	ser
47275_GG773871_125412_126884	ENS	ser
47211_GG774401_200755_202227	ENS	ser
34067_ACNO01000101_366_1772	ENS	hpg
47265_GG772038_112111_113559	ENS	ser
47217_GG773317_24811_26259	ENS	ser
33071_GL891756_4601_6067	ENS	ser
33017_GL891601_48693_50159	ENS	ser
33073_GL891953_63452_64918	ENS	ser
31017_ACFU01000058_568_1959	ENS	ala
64849_KB851180_122909_124267	ENS	ala
64849_KB851180_416339_417778	ENS	ile
64847_KB851182_4588632_4589990	ENS	ala
64847_KB851182_4273501_4274940	ENS	ile
32459_GL870823_31673_33064	ENS	ala
32459_GL870823_34748_36139	ENS	ala
38509_GG704575_64516_65982	ENS	ser
38509_GG704575_302372_303805	ENS	thr
64851_KB851162_107363_108766	ENS	cys
64851_KB851162_101914_103311	ENS	d-cys
64851_KB851162_110486_111814	ENS	cys
64851_KB851162_118655_119821	ENS	cys
18165_DS480679_141511_142914	ENS	cys
18165_DS480679_136062_137459	ENS	d-cys
18165_DS480679_144634_145962	ENS	cys
18165_DS480679_154369_155535	ENS	cys
64845_KB851189_144109_145512	ENS	cys
64845_KB851189_149564_150961	ENS	d-cys
64845_KB851189_141061_142389	ENS	cys
64845_KB851189_133054_134220	ENS	cys
34073_ADGQ01000050_36209_37618	ENS	ala
64853_KB851149_424985_426388	ENS	cys
64853_KB851149_419536_420933	ENS	d-cys
64853_KB851149_428108_429436	ENS	cys
64853_KB851149_436277_437443	ENS	cys
78589_ALNO01000018_86369_87736	ENS	ala
52089_JH376755_97920_99344	ENS	ser
52089_JH376755_92987_94411	ENS	phe
197004_ATFK01000005_93868_95292	ENS	ser
197004_ATFK01000005_88935_90359	ENS	phe
75155_AJKN01000004_215694_217118	ENS	ser
75155_AJKN01000004_220627_222051	ENS	phe
28659_DS995606_25207_26622	ENS	ala
28659_DS995606_29599_30966	ENS	thr
28659_DS995606_34946_36286	ENS	cys
28659_DS995606_39296_40723	ENS	thr
47225_GG773023_31022_32455	ENS	ser
47225_GG773023_33923_35362	ENS	ala
47225_GG773023_40399_41802	ENS	gly
47225_GG773023_16603_17991	ENS	val
47207_GG772310_11148_12581	ENS	ser
47207_GG772310_8241_9680	ENS	ala
47207_GG772310_1801_3204	ENS	gly
47207_GG772310_25612_27000	ENS	val
47267_GG774275_11211_12644	ENS	ser
47267_GG774275_8304_9743	ENS	ala
47267_GG774275_1864_3270	ENS	gly
47267_GG774275_25675_27063	ENS	val
47275_GG773821_31255_32688	ENS	ser
47275_GG773821_34156_35595	ENS	ala
47275_GG773821_40632_42035	ENS	gly
47275_GG773821_16836_18224	ENS	val
47211_GG774410_11179_12612	ENS	ser
47211_GG774410_8272_9711	ENS	ala
47211_GG774410_1832_3235	ENS	gly
47211_GG774410_25748_27136	ENS	val
47257_GG773212_420732_422165	ENS	ser
47257_GG773212_417825_419264	ENS	ala
47257_GG773212_411385_412788	ENS	gly
47257_GG773212_435196_436584	ENS	val
47257_GG773212_408238_409530	ENS	cys
47257_GG773212_401157_402545	ENS	asn
47257_GG773212_361683_362882	ENS	cys
32465_DS999462_61274_62707	ENS	ser
32465_DS999462_58367_59806	ENS	ala
32465_DS999462_51927_53330	ENS	gly
32465_DS999462_75738_77126	ENS	val
32465_DS999462_36158_37546	ENS	asn
31467_GG669095_51792_53225	ENS	ser
31467_GG669095_54693_56132	ENS	ala
31467_GG669095_61169_62572	ENS	gly
31467_GG669095_37373_38761	ENS	val
31467_GG669095_76953_78341	ENS	asn
31467_GG669095_118919_120118	ENS	cys
38335_GG700630_476017_477384	ENS	ala
38335_GG700630_913337_914683	ENS	ala
38335_GG700630_705267_706580	ENS	ala
38335_GG700630_415939_417015	ENS	thr
34067_ACNO01000070_314_1447	ENS	athr|thr
31445_GG700813_122173_123573	ENS	ala
31445_GG700813_113179_114639	ENS	orn
31445_GG700813_117595_119010	ENS	thr
71509_JH815591_1756860_1758266	ENS	ala
71509_JH815591_1752082_1753458	ENS	gly
71509_JH815591_1761104_1762480	ENS	lys
71509_JH815591_3871196_3872608	ENS	thr
18923_DS480349_105745_107154	ENS	ala
18923_DS480349_108853_110253	ENS	ala
52159_KB375270_1823501_1824931	ENS	ala
52159_KB375270_3624427_3625860	ENS	ala
52159_KB375270_3016617_3018023	ENS	ala
52159_KB375270_5481_6869	ENS	ala
52159_KB375270_1756237_1757697	ENS	dhb|sal
39375_JH594448_925096_926529	ENS	cys
39375_JH594448_2066146_2067561	ENS	ala
39375_JH594448_928456_929646	ENS	cys
39375_JH594448_920857_922101	ENS	cys
34067_ACNO01000073_1_1401	ENS	ala
38753_GL732466_950_2344	ENS	ala
38753_GL732466_5790_6917	ENS	bmt
38753_GL732466_918868_920304	ENS	ala|gly
33167_GG729934_367296_368327	ENS	leu
18155_AAXA02000005_46597_48033	ENS	ala
46343_GG770409_2417422_2418825	ENS	ser
46343_GG770409_1347508_1348878	ENS	ala
46343_GG770409_2168097_2169608	ENS	ala
46343_GG770409_4677501_4679018	ENS	ala
46407_JH126490_161624_163060	ENS	ala
34105_ADJN01000072_75959_77368	ENS	ala
67203_KB290759_126077_127486	ENS	ala
52995_GL622359_1885979_1887334	ENS	leu
52995_GL622359_908422_909813	ENS	ala
52995_GL622359_1345080_1346513	ENS	cys
52995_GL622359_1183371_1184549	ENS	cys
52995_GL622359_1357123_1358385	ENS	cys
52995_GL622359_1350573_1351922	ENS	cys
52995_GL622359_36676_37917	ENS	cys
52995_GL622359_882276_883790	ENS	ala
52995_GL622359_870728_871873	ENS	cys
52995_GL622359_1187607_1188791	ENS	cys
34107_ADDO01000064_27856_29259	ENS	ala
52169_KE150397_52_1017	ENS	athr|thr
42539_GL379574_643706_645283	ENS	ser
40001_GL635749_1_576	ENS	ala
31527_GG771051_1_1011	ENS	ser
52169_KE150396_52_1035	ENS	dhab|dht|thr
64819_JH724208_86751_88160	ENS	ala
64819_JH724208_425715_427139	ENS	ala
64821_JH724217_89207_90616	ENS	ala
64821_JH724217_426437_427861	ENS	ala
48447_CP002280_2436000_2437577	ENS	ser
43115_JH376860_149648_151078	ENS	ala
20549_DS981517_510632_512086	ENS	ala
20549_DS981517_1135375_1136772	ENS	ala
20549_DS981517_319396_320418	ENS	ala
46385_JH376421_209336_210700	ENS	ala
46385_JH376421_318356_319789	ENS	ile
39383_KE150406_408564_409961	ENS	ala
39383_KE150406_411648_413060	ENS	ala
46809_GL538350_44407_45807	ENS	ala
18203_DS483502_40974_42374	ENS	ala
48493_GL882540_127606_129105	ENS	d-cys
48493_GL882540_123430_124581	ENS	cys
48493_GL882540_115516_116742	ENS	d-cys
18161_DS996351_246230_247636	ENS	cys
18161_DS996351_235294_236574	ENS	cys
18161_DS996351_256001_257215	ENS	cys
52085_JH594435_1173181_1174659	ENS	cys
52085_JH594435_1178850_1180265	ENS	d-cys
52085_JH594435_1166579_1167781	ENS	d-cys
40013_GL945048_227539_228948	ENS	ala
71527_JH815492_775050_776459	ENS	ala
71527_JH815492_432343_433767	ENS	ala
39167_FP929054_3162794_3164233	ENS	ile
39167_FP929054_3503655_3505055	ENS	dhb|sal
64817_JH724200_115591_117000	ENS	ala
64815_JH724189_1249433_1250842	ENS	ala
64815_JH724189_914744_916168	ENS	ala
38347_GG705211_549841_551250	ENS	ala
38347_GG705211_213303_214727	ENS	ala
64811_JH724174_90121_91530	ENS	ala
64811_JH724174_489925_491349	ENS	ala
64813_JH724182_84794_86203	ENS	ala
64813_JH724182_484598_486022	ENS	ala
71525_JH815482_1126281_1127699	ENS	ala
71525_JH815482_1611972_1613405	ENS	ala
32441_JH636045_93149_94558	ENS	ala
32441_JH636045_440906_442330	ENS	ala
40673_ADFR01000016_81267_82679	ENS	ile
78897_AKFT01000128_12460_14022	ENS	d-cys
78897_AKFT01000128_17059_18327	ENS	cys
78897_AKFT01000128_25254_26513	ENS	cys
75125_AICP01000001_5174_6631	ENS	d-cys
32433_EQ973215_88070_89488	ENS	ala
32433_EQ973215_477096_478529	ENS	ala
64865_KB851048_618112_619551	ENS	ile
30067_DS990262_605786_607156	ENS	ala
30067_DS990262_446749_448176	ENS	ile
50513_GL405235_134496_135911	ENS	ala
71529_JH815524_2553636_2555054	ENS	ala
71529_JH815524_2518065_2519513	ENS	ala
64853_KB851155_365053_366492	ENS	ile
31445_GG700818_120321_121676	ENS	ala
41103_KI391957_430898_432313	ENS	ala
64861_KB851107_122631_124079	ENS	ile
64867_KB850987_216622_218070	ENS	ile
64869_KB850970_209660_211108	ENS	ile
64863_KB851038_207614_209062	ENS	ile
64857_KB851122_238207_239655	ENS	ile
46389_JH376872_192541_193989	ENS	ile
64859_KB851058_636405_637853	ENS	ile
64871_KB850936_1676482_1677930	ENS	ile
61827_AFDH01000056_97372_98829	ENS	ala
18165_DS480717_431_1858	ENS	ile
38789_JH370351_898927_900498	ENS	ser
34585_GG700685_254235_255632	ENS	ala
64851_KB851174_109803_111230	ENS	ile
64845_KB851187_1456853_1458280	ENS	ile
31405_ACVO01000001_35720_37264	ENS	ser
38739_GL636058_162326_163714	ENS	ser
18175_DS499687_44454_45893	ENS	ile
39379_GL945166_190602_191933	ENS	ala
46423_JH594596_106565_108013	ENS	ala
67203_KB290773_11591_13108	ENS	ala
30771_EQ973328_371502_372908	ENS	ser
30771_EQ973328_744623_745969	ENS	thr
30771_EQ973328_748621_749955	ENS	ala
34105_ADJN01000056_21844_23361	ENS	ala
31011_ACSH02000002_330117_331523	ENS	ser
34071_ADCD01000003_16375_17766	ENS	ala
18181_GG704769_2166571_2167989	ENS	ala
30071_DS990369_181150_182565	ENS	ala
49291_CP002734_3041326_3042741	ENS	cys
49291_CP002734_3058981_3060420	ENS	cys
49291_CP002734_3325369_3326784	ENS	ala
49291_CP002734_3046227_3047435	ENS	cys
49291_CP002734_3038455_3039468	ENS	d-cys
52183_JH601088_1726361_1727770	ENS	ala
52183_JH601088_1599378_1600895	ENS	ala
30955_GL542878_206786_208246	ENS	orn
39387_GL945255_23259_24698	ENS	ile
40005_JH414710_611392_612840	ENS	ala
40005_JH414710_363449_364909	ENS	ala
31465_ACLK02000003_212390_213829	ENS	thr
39161_FP929043_2022024_2023418	ENS	cys
39161_FP929043_918439_919875	ENS	ala
30023_JH414493_27319_28866	ENS	d-cys
30023_JH414493_31566_32441	ENS	cys
30067_DS990266_5393_6838	ENS	cys
30067_DS990266_2269_3513	ENS	d-cys
30067_DS990266_8578_10020	ENS	dhb|sal
18213_DS499735_153907_155352	ENS	cys
18213_DS499735_150783_152027	ENS	d-cys
18213_DS499735_157092_158534	ENS	dhb|sal
47179_GL455506_6883_8307	ENS	ala
47145_GL456473_29449_30873	ENS	ala
42751_ADKN01000026_28944_30368	ENS	ala
47177_GL455645_389688_391112	ENS	ala
31461_GG669017_72456_73880	ENS	ala
47143_GL454440_28774_30198	ENS	ala
47183_GL457170_94780_96204	ENS	ala
47187_GL454586_3519_4943	ENS	ala
47181_GL454540_65103_66527	ENS	ala
47159_GL455459_28881_30305	ENS	ala
47151_GL454391_98391_99815	ENS	ala
52127_KB373322_1578232_1579602	ENS	val
52127_KB373322_1597883_1599229	ENS	cys
52127_KB373322_1008749_1010143	ENS	ala|gly
52127_KB373322_1585331_1586692	ENS	leu
52127_KB373322_996828_998072	ENS	cys
52127_KB373322_1582417_1583763	ENS	ala
52127_KB373322_1589569_1590963	ENS	leu
52127_KB373322_1125103_1126566	ENS	ala
47191_GL455622_243935_245359	ENS	ala
31415_ACOX02000002_178504_179928	ENS	ala
81985_JH805047_28765_30189	ENS	ala
81959_JH805866_28763_30187	ENS	ala
81977_JH805362_28763_30187	ENS	ala
81965_JH806306_28763_30187	ENS	ala
81979_JH805271_28765_30189	ENS	ala
81975_JH805680_28765_30189	ENS	ala
81967_JH806384_28765_30189	ENS	ala
81989_JH804938_28767_30191	ENS	ala
81983_JH805223_34568_35992	ENS	ala
81971_JH805904_34608_36032	ENS	ala
81981_JH805472_34623_36047	ENS	ala
81973_JH805762_34623_36047	ENS	ala
81969_JH806107_28767_30191	ENS	ala
81963_JH806210_28767_30191	ENS	ala
81961_JH806025_34623_36047	ENS	ala
81987_JH804839_28767_30191	ENS	ala
30623_GG668923_74669_76093	ENS	ala
38319_GG771296_110642_112003	ENS	ala
47153_GL454734_28762_30186	ENS	ala
47165_GL456765_38086_39510	ENS	ala
47157_GL455109_38089_39513	ENS	ala
47125_GL455800_64351_65775	ENS	ala
47127_GL455769_20503_21927	ENS	ala
42527_GG739886_64478_65902	ENS	ala
42525_GG739730_9895_11319	ENS	ala
47171_GL454767_28761_30185	ENS	ala
47163_GL454271_120748_122172	ENS	ala
47173_GL455329_219280_220704	ENS	ala
47169_GL456524_368227_369651	ENS	ala
47185_GL454584_28926_30350	ENS	ala
31457_GG668821_374436_375860	ENS	ala
47161_GL454344_491523_492947	ENS	ala
81957_JH805599_28794_30218	ENS	ala
221259_NZ_AWPI01000109_220489_221913	ENS	ala
31459_GG668755_112796_114220	ENS	ala
47129_GL454153_28796_30220	ENS	ala
39181_FP929058_1893222_1894646	ENS	ala
47167_GL456418_28792_30216	ENS	ala
47175_GL457112_28762_30186	ENS	ala
47131_GL457054_28791_30215	ENS	ala
47147_GL454182_394846_396270	ENS	ala
34079_AEIQ01000077_50883_52265	ENS	ala
170346_KE150486_398906_400441	ENS	ala
47133_GL476263_28765_30189	ENS	ala
47155_GL454516_342637_344061	ENS	ala
31451_ACLH01000048_41005_42444	ENS	ala
43131_GL637704_4215_5570	ENS	cys
43131_GL637704_7511_8776	ENS	cys
47141_GL454684_230241_231665	ENS	ala
221594_NZ_ACVN02000145_27445_28926	ENS	cys
221594_NZ_ACVN02000145_23233_24405	ENS	cys
221594_NZ_ACVN02000145_15261_16493	ENS	d-cys
89627_AWUP01000021_112236_113651	ENS	ala
45861_FP929038_1792731_1794065	ENS	ala
45861_FP929038_594410_595840	ENS	ala
81991_JH804761_34597_36021	ENS	ala
169487_KE150475_145098_146480	ENS	cys
169487_KE150475_122541_123713	ENS	cys
169487_KE150475_141972_143324	ENS	thr
169487_KE150475_107525_108970	ENS	ala
170349_KE340297_1949229_1950641	ENS	d-cys
170349_KE340297_1960502_1961797	ENS	cys
170349_KE340297_758876_760297	ENS	ala
170349_KE340297_1956407_1957729	ENS	cys
170349_KE340297_746688_747233	ENS	thr
64881_KB446646_411162_412595	ENS	ala
31467_GG669118_37_1218	ENS	cys
78589_ALNO01000007_237099_238445	ENS	ala
47275_GG773752_1_1182	ENS	cys
31443_GG666995_121133_122527	ENS	ala
31009_ACVP01000037_43876_45285	ENS	ala
47267_GG774210_1_1182	ENS	cys
47225_GG772985_1_1182	ENS	cys
47207_GG772195_1_1182	ENS	cys
32465_DS999473_106_1287	ENS	cys
28999_GG663519_81943_83376	ENS	ala
67201_KB290820_155433_156857	ENS	thr
67201_KB290820_170581_172005	ENS	ala
67201_KB290820_163102_164463	ENS	ala
67201_KB290820_159826_161202	ENS	ala
67201_KB290820_173789_175228	ENS	ala
67201_KB290820_167329_168741	ENS	pro
34067_ACNO01000010_15211_16572	ENS	ala
221594_NZ_ACVN02000087_2272_3618	ENS	cys
18177_ACEP01000029_62128_63549	ENS	d-cys
18177_ACEP01000029_55362_56603	ENS	cys
50523_GL397138_2201132_2202511	ENS	ala
47189_GL884017_3938_5359	ENS	ala
31007_ABZU01000006_96658_98052	ENS	cys
38359_GG698738_1100836_1102263	ENS	ala
64883_JH976496_471265_472692	ENS	ala
31449_GG667521_271437_272822	ENS	ala
18177_ACEP01000091_3829_5346	ENS	ala
33149_GG688422_247426_248835	ENS	ala
33149_GG688422_535264_536784	ENS	ala
32503_ACII02000001_5453_6892	ENS	ile
169458_KE150457_1793451_1794833	ENS	ala
18195_DS362248_301220_302650	ENS	ala
18169_DS483518_157360_158805	ENS	ala
51069_AEDP01000047_59311_60744	ENS	ala
67201_KB290824_199798_201129	ENS	ala
47267_GG774211_5834_7222	ENS	asn
40037_JH376471_14186_15448	ENS	cys
40037_JH376471_18454_19668	ENS	cys
47275_GG773863_5836_7224	ENS	asn
47275_GG773863_48124_49323	ENS	cys
47207_GG772205_5838_7226	ENS	asn
47207_GG772205_47929_49128	ENS	cys
47211_GG774357_164686_166074	ENS	asn
47211_GG774357_122664_123863	ENS	cys
47225_GG773033_5838_7226	ENS	asn
47225_GG773033_47926_49125	ENS	cys
30955_GL542879_32329_33738	ENS	ala
34073_ADGQ01000071_97961_99508	ENS	ala
21051_ACCL02000012_21155_22555	ENS	ala
221594_NZ_ACVN02000123_7549_8916	ENS	cys
221594_NZ_ACVN02000123_4681_5814	ENS	cys
64835_JH724269_530475_531914	ENS	ala
64833_JH724260_1952825_1954264	ENS	ala
64833_JH724260_145822_147186	ENS	thr
39357_GL622500_803018_804448	ENS	ala
38355_GG730106_829955_831385	ENS	ala
78569_AJZT01000010_303716_305158	ENS	ala
49877_KE148312_744526_745968	ENS	ala
42529_ADDR02000001_2666173_2667468	ENS	ala
42529_ADDR02000001_2674399_2675853	ENS	ala
42529_ADDR02000001_2654536_2656011	ENS	thr
42529_ADDR02000001_2641543_2643045	ENS	ala
42529_ADDR02000001_2638048_2639418	ENS	thr
42529_ADDR02000001_2644335_2645801	ENS	ala
42529_ADDR02000001_2634748_2636130	ENS	ala
53041_GL872325_16306_17742	ENS	ala
32437_EQ973175_316711_318138	ENS	ala
41951_GG774759_999664_1001091	ENS	ala
89635_AWXD01000007_39783_41186	ENS	ala
72477_KE150404_2355696_2357090	ENS	cys
72477_KE150404_170311_171732	ENS	ala
72477_KE150404_797488_799059	ENS	ala
72477_KE150404_1141060_1142520	ENS	ala
31499_GL833110_244471_245886	ENS	ala
27825_DS996921_1612774_1614231	ENS	ala
40021_JH114300_64537_65835	ENS	ala
40021_JH114300_56154_57608	ENS	ala
40021_JH114300_86207_87673	ENS	ala
40021_JH114300_88963_90465	ENS	ala
40021_JH114300_92590_93960	ENS	thr
40021_JH114300_75997_77472	ENS	thr
40021_JH114300_95878_97260	ENS	ala
50529_GL397071_1838331_1839740	ENS	ala
50529_GL397071_615298_616353	ENS	cys
50529_GL397071_618916_619242	ENS	ala
39147_FP929036_2524274_2525695	ENS	ala
39147_FP929036_2881075_2882124	ENS	ala
39147_FP929036_2880689_2881072	ENS	ala
64813_JH724183_119486_120928	ENS	ala
64811_JH724173_2193515_2194957	ENS	ala
64811_JH724173_608363_609841	ENS	ala
46415_JH376939_489152_490555	ENS	ala
34587_CM000961_1953971_1955338	ENS	ala
34587_CM000961_1145261_1146631	ENS	leu
67201_KB290831_846280_847641	ENS	ala
31447_GG667193_202857_204167	ENS	ala
42771_ADMP01000175_38938_40347	ENS	ala
42773_ADKP01000171_10428_11837	ENS	ala
78583_ALNL01000035_73271_74701	ENS	ala
78909_AJJQ01000038_11628_13163	ENS	ser
49443_AEBA01000016_521_1945	ENS	ala
43121_GL637673_24759_26201	ENS	ala
39179_FP929052_77783_79189	ENS	thr
39179_FP929052_572441_573877	ENS	ile
31503_GG693223_388874_390298	ENS	ala
64817_JH724194_215269_216693	ENS	ala
32445_EQ973125_271593_272999	ENS	ala
38353_GG705228_325279_326685	ENS	ala
52131_KB373328_326075_327466	ENS	ala
53039_GL622241_140140_141528	ENS	ala
38759_GL545260_826512_827903	ENS	ala|gly
31007_ABZU01000003_88125_89552	ENS	ala
46377_JH992943_399098_400516	ENS	ala
40013_GL945046_201499_202923	ENS	ala
62373_AKGV01000017_42210_43598	ENS	ala|gly
71529_JH815525_178679_180112	ENS	ala
71529_JH815525_2391286_2392764	ENS	ala
64803_JH724087_817271_818683	ENS	ala
52133_KB373317_657593_659038	ENS	ala|gly
34087_ACLP01000003_74919_76310	ENS	ala|gly
33073_GL891944_5148_6581	ENS	thr
59527_AEXR01000010_42529_43899	ENS	ala
64809_JH724153_251657_253093	ENS	ala
89653_AZKM01000029_106259_107683	ENS	ala
52043_AEKI01000023_99966_101339	ENS	ala
31491_GG700805_115582_116955	ENS	ala
31491_GG700805_8788_10194	ENS	ala
39743_JH376563_2048821_2050278	ENS	ile
39743_JH376563_190194_191675	ENS	ala
62363_AKGR01000023_81514_82902	ENS	ala|gly
62391_AKHE01000035_2967_4355	ENS	ala|gly
62389_AKHD01000044_3237_4625	ENS	ala|gly
86757_AKHK01000007_4546_5934	ENS	ala|gly
86759_AKHJ01000009_25717_27105	ENS	ala|gly
62375_AKGW01000043_23096_24484	ENS	ala|gly
62379_AKGY01000044_25663_27051	ENS	ala|gly
62347_AKGJ01000036_3345_4733	ENS	ala|gly
62395_AKHF01000110_42636_44024	ENS	ala|gly
86761_AKHI01000008_26078_27466	ENS	ala|gly
62385_AKHB01000045_42473_43861	ENS	ala|gly
62351_AKGL01000047_42662_44050	ENS	ala|gly
86765_AKHG01000010_61555_62943	ENS	ala|gly
86763_AKHH01000028_61595_62983	ENS	ala|gly
62387_AKHC01000045_69768_71156	ENS	ala|gly
62383_AKHA01000014_23109_24497	ENS	ala|gly
62361_AKGQ01000039_133389_134777	ENS	ala|gly
62353_AKGM01000009_155982_157370	ENS	ala|gly
34077_ADEY01000017_115668_117056	ENS	ala|gly
34643_GG749256_384166_385554	ENS	ala|gly
52117_KB373335_251668_253056	ENS	ala|gly
31545_GG696728_353061_354449	ENS	ala|gly
33169_GG665866_499839_501287	ENS	ala
30027_EQ973495_42609_44021	ENS	ala
62365_AKGS01000039_42657_44045	ENS	ala|gly
46361_GL636579_206174_207583	ENS	ala
32461_AKCB01000001_2066166_2067575	ENS	ala
65129_JH556647_752147_753577	ENS	ala
31513_GG670158_220723_222165	ENS	ala|gly
31507_GG693416_93424_94851	ENS	ala
62369_AKGT01000004_139821_141209	ENS	ala|gly
62381_AKGZ01000002_153806_155194	ENS	ala|gly
62345_AKGI01000003_196129_197517	ENS	ala|gly
62349_AKGK01000003_196228_197616	ENS	ala|gly
31451_ACLH01000032_1904_3277	ENS	ala
41947_GG753601_547686_549119	ENS	thr
64721_JH379174_63084_64550	ENS	ala
64719_JH379529_179929_181395	ENS	ala
75125_AICP01000039_17346_18746	ENS	cys
75125_AICP01000039_14110_15438	ENS	cys
65135_JH379326_5864_7321	ENS	ala
64683_AGUC01000015_18005_19393	ENS	ala|gly
86755_AKHL01000008_26044_27432	ENS	ala|gly
62377_AKGX01000022_105999_107387	ENS	ala|gly
62359_AKGP01000012_79456_80844	ENS	ala|gly
62371_AKGU01000065_93386_94774	ENS	ala|gly
62355_AKGN01000032_93483_94871	ENS	ala|gly
62357_AKGO01000074_298774_300162	ENS	ala|gly
34655_GG696799_372254_373642	ENS	ala|gly
64681_AFIN01000006_4979_6424	ENS	ala|gly
221610_NZ_AWGW01000025_105852_107246	ENS	ala
65585_AFUL01000001_1530805_1532250	ENS	ala|gly
89643_AZIR01000056_39154_40581	ENS	ala|gly
34647_GG696773_352757_354145	ENS	ala|gly
53057_GL636070_437313_438740	ENS	ala|gly
30361_GG657556_208915_210249	ENS	ala
30361_GG657556_211930_212373	ENS	ala
78641_AWUC01000023_45508_46953	ENS	ala|gly
30023_JH414449_2655_4118	ENS	ala
78557_ALJJ01000007_90844_91878	ENS	ala
78635_AWTZ01000004_78151_79596	ENS	ala|gly
78619_AWTF01000019_20253_21698	ENS	ala|gly
40037_JH376491_69_749	ENS	ala
78623_AWTH01000026_25034_26479	ENS	ala|gly
78639_AWUB01000024_36916_38361	ENS	ala|gly
78621_AWTG01000029_17601_19046	ENS	ala|gly
78643_AWUD01000020_16537_17982	ENS	ala|gly
32491_GG661973_335579_337093	ENS	ala
221260_NZ_AWPJ01000177_13732_15177	ENS	ala|gly
78637_AWUA01000027_45497_46942	ENS	ala|gly
61837_AFUS01000004_432074_433453	ENS	ala
61837_AFUS01000004_433459_433518	ENS	ala
30487_ACDZ02000014_177785_179209	ENS	ala
78633_AWTY01000044_15995_17440	ENS	ala|gly
59517_AENS01000005_110517_111899	ENS	ala
40023_GL622587_1_1188	ENS	cys
78617_AWTE01000046_15456_16901	ENS	ala|gly
78631_AWTL01000018_13340_14785	ENS	ala|gly
78607_AWWB01000021_16314_17759	ENS	ala|gly
89653_AZKM01000008_209212_210624	ENS	ala
50517_GL397225_786104_787549	ENS	ala|gly
20527_DS572678_10948_12375	ENS	ala|gly
78629_AWTK01000027_15995_17440	ENS	ala|gly
34583_ADNU01000096_5962_7308	ENS	ala
34545_CM001024_1060764_1062119	ENS	ala
38329_GG703885_187717_189027	ENS	ala
46425_JH815198_1000671_1002113	ENS	ala
46425_JH815198_718412_719431	ENS	ala
53567_AEKN01000010_26810_28237	ENS	ala|gly
52027_AEXN01000039_11635_13047	ENS	cys
42537_GL349568_204819_206129	ENS	ala
38763_GL883582_568995_570419	ENS	ala
59517_AENS01000031_39629_41080	ENS	ala|gly
52167_KE150295_18138_19499	ENS	ala
81997_JH811476_48113_49528	ENS	ala
52125_JH992913_585376_586791	ENS	ala
18159_DS264271_226479_227945	ENS	ala
52169_KE150393_162684_164045	ENS	ala
31497_GG692962_473301_474743	ENS	ala|gly
49219_GL383596_770863_772326	ENS	ala
49219_GL383596_767718_768740	ENS	ala
39159_FP929042_2578313_2579365	ENS	ala
40637_AP011548_786118_787560	ENS	ala|gly
50519_GL397128_1882373_1883800	ENS	ala|gly
64693_AFUQ01000004_41797_43233	ENS	ala|gly
31439_GG770746_272460_273926	ENS	ala
31441_GG770711_576629_578095	ENS	ala
49229_GL383465_119295_120758	ENS	ala
49229_GL383465_122881_123903	ENS	ala
53059_GL732463_112095_113531	ENS	ala|gly
30025_GG703858_72613_74046	ENS	ala
89199_KB372212_2385_3821	ENS	ala|gly
38749_GL545272_34264_35658	ENS	ala|gly
33017_GL891561_299_1732	ENS	thr
33071_GL891695_4128_5561	ENS	thr
89197_KB742374_24233_25669	ENS	ala|gly
34659_CP001993_177019_178455	ENS	ala|gly
81999_JH813136_50486_51901	ENS	ala
169467_JH815533_3113874_3115079	ENS	cys
31523_GG668579_302303_303508	ENS	cys
50403_JH378889_70727_72163	ENS	ala|gly
49261_GL383701_772733_774196	ENS	ala
49261_GL383701_769588_770610	ENS	ala
89203_KB372439_6581_8017	ENS	ala|gly
30645_GL397173_2020731_2022158	ENS	ala|gly
40717_GL883052_2252_3715	ENS	ala
89175_KB371357_6683_8119	ENS	ala|gly
89183_KB372113_6925_8361	ENS	ala|gly
89185_KB371816_2615_4051	ENS	ala|gly
18211_DS480323_123935_125401	ENS	ala
54025_AEKL01000070_2794_4218	ENS	ala
61831_AFTL01000008_23112_24536	ENS	ala
89205_KB372573_23161_24597	ENS	ala|gly
59527_AEXR01000007_165344_166786	ENS	ala
40023_GL622581_140647_142089	ENS	ala
75171_AJMM01000003_20991_22430	ENS	ala|gly
65127_JH379511_181800_183242	ENS	ala|gly
31463_GG669062_69398_70813	ENS	ala
89177_KB371478_52797_54233	ENS	ala|gly
89181_KB371585_5599_7035	ENS	ala|gly
89171_KB371230_112156_113592	ENS	ala|gly
89179_KB371509_116206_117642	ENS	ala|gly
89173_KB371259_232163_233599	ENS	ala|gly
89187_KB371854_1312521_1313957	ENS	ala|gly
42247_CP001845_1999556_2000992	ENS	ala|gly
49161_GL383669_119437_120900	ENS	ala
49161_GL383669_123023_124045	ENS	ala
81993_JH804714_67452_68867	ENS	ala
49181_GL384374_9787_11250	ENS	ala
49181_GL384374_13373_14395	ENS	ala
49179_GL383364_595360_596823	ENS	ala
49179_GL383364_592215_593237	ENS	ala
49171_GL383688_119117_120580	ENS	ala
49171_GL383688_122703_123725	ENS	ala
40729_GL878438_5568_7031	ENS	ala
40729_GL878438_9154_10176	ENS	ala
49259_GL383735_119471_120934	ENS	ala
49259_GL383735_123057_124079	ENS	ala
49223_GL383972_772848_774311	ENS	ala
49223_GL383972_769703_770725	ENS	ala
49269_GL383810_119330_120793	ENS	ala
49269_GL383810_122916_123938	ENS	ala
49267_GL383245_119351_120814	ENS	ala
49267_GL383245_122937_123959	ENS	ala
49249_GL383727_119453_120916	ENS	ala
49249_GL383727_123039_124061	ENS	ala
49247_GL383714_772529_773992	ENS	ala
49247_GL383714_769384_770406	ENS	ala
49251_GL384524_773241_774704	ENS	ala
49251_GL384524_770096_771118	ENS	ala
75149_AJMV01000098_5426_6862	ENS	ala|gly
75131_AICS01000192_6601_8037	ENS	ala|gly
169485_KE150467_44618_46045	ENS	ala|gly
48315_CP002843_1540191_1541627	ENS	ala|gly
75159_AJKE01000081_1207_2643	ENS	ala|gly
64887_JH976471_987009_988418	ENS	ala
34083_ACPZ01000027_332719_334107	ENS	ala|gly
89207_KB372762_2342_3778	ENS	ala|gly
49197_GL383851_601761_603224	ENS	ala
49197_GL383851_598616_599638	ENS	ala
67185_AFUE01000005_232071_233498	ENS	ala|gly
53203_GL732518_1508548_1509975	ENS	ala|gly
67179_AFUC01000012_23842_25278	ENS	ala|gly
39413_JH376567_772226_773689	ENS	ala
39413_JH376567_769081_770322	ENS	ala
65583_AFNN01000023_52675_54111	ENS	ala|gly
53565_AEKM01000003_65123_66559	ENS	ala|gly
72485_KE150417_432742_434133	ENS	ala
89193_KB742158_2156_3592	ENS	ala|gly
67183_AFUD01000006_24962_26398	ENS	ala|gly
89189_KB371984_7466_8902	ENS	ala|gly
53201_GL636091_447401_448837	ENS	ala|gly
49205_GL384465_771663_773126	ENS	ala
49205_GL384465_768518_769540	ENS	ala
49187_GL383325_119536_120999	ENS	ala
49187_GL383325_123122_124144	ENS	ala
49165_GL383283_119354_120817	ENS	ala
49165_GL383283_122940_123962	ENS	ala
40721_GL878476_123438_124901	ENS	ala
40721_GL878476_126805_128046	ENS	ala
89195_KB742117_2156_3592	ENS	ala|gly
89201_KB741938_2156_3592	ENS	ala|gly
49211_GL383821_119864_121327	ENS	ala
49211_GL383821_123450_124478	ENS	ala
31517_GL538354_8534_9970	ENS	ala
89165_KB371124_56979_58415	ENS	ala|gly
89167_KB371169_2947_4383	ENS	ala|gly
89191_KB372029_743769_745205	ENS	ala|gly
49189_GL383834_771838_773301	ENS	ala
49189_GL383834_768693_769715	ENS	ala
38737_GG739926_152483_153889	ENS	ala
82035_JH809712_18527_19942	ENS	ala
82005_JH814531_18527_19942	ENS	ala
82067_JH807139_18527_19942	ENS	ala
82041_JH810817_8571_9986	ENS	ala
82039_JH811310_8571_9986	ENS	ala
82037_JH809869_8571_9986	ENS	ala
82071_JH806692_6832_8247	ENS	ala
82009_JH812927_6832_8247	ENS	ala
82049_JH809179_18527_19942	ENS	ala
82045_JH810624_14753_16168	ENS	ala
82001_JH813808_18527_19942	ENS	ala
82033_JH811049_15670_17085	ENS	ala
82007_JH812856_18527_19942	ENS	ala
82057_JH808060_18527_19942	ENS	ala
82061_JH808673_18527_19942	ENS	ala
82059_JH807807_24675_26090	ENS	ala
47193_GL455899_29085_30500	ENS	ala
82051_JH809101_18523_19938	ENS	ala
82031_JH811261_18527_19942	ENS	ala
82021_JH813403_45321_46736	ENS	ala
82029_JH811944_18523_19938	ENS	ala
82055_JH808431_18527_19942	ENS	ala
82069_JH807054_45506_46921	ENS	ala
47197_GL476228_31178_32593	ENS	ala
82065_JH807512_45294_46709	ENS	ala
82019_JH812014_64144_65559	ENS	ala
82015_JH812456_68051_69466	ENS	ala
82027_JH813653_18527_19942	ENS	ala
82047_JH810083_18526_19941	ENS	ala
82011_JH812371_18527_19942	ENS	ala
82003_JH814026_18527_19942	ENS	ala
47201_GL456872_71522_72937	ENS	ala
82025_JH814211_18527_19942	ENS	ala
47195_GL456579_35032_36447	ENS	ala
82053_JH808826_76737_78152	ENS	ala
82023_JH813496_18527_19942	ENS	ala
47199_GL454927_71522_72937	ENS	ala
47203_GL455151_71522_72937	ENS	ala
81995_JH809495_100055_101470	ENS	ala
82017_JH811654_18527_19942	ENS	ala
82043_JH810406_18527_19942	ENS	ala
82063_JH807715_100048_101463	ENS	ala
64901_KB373314_1270606_1272042	ENS	ala|gly
78571_ALJQ01000026_99707_101113	ENS	ala
49201_GL384389_578243_579706	ENS	ala
49201_GL384389_575098_576339	ENS	ala
49277_GL383213_123501_124964	ENS	ala
49277_GL383213_126868_128109	ENS	ala
30627_CP003583_755228_756643	ENS	ala
49275_GL384406_119326_120789	ENS	ala
49275_GL384406_122912_123934	ENS	ala
53003_GL732449_1508275_1509711	ENS	ala|gly
51491_GL586311_1653293_1654699	ENS	ala
51491_GL586311_1383186_1384682	ENS	ala
158721_AJTA01000049_25203_26639	ENS	ala|gly
64685_AFIK01000082_5748_7211	ENS	ala
64685_AFIK01000082_9334_10356	ENS	ala
65579_AFUK01000001_2175226_2176689	ENS	ala
65579_AFUK01000001_2172081_2173103	ENS	ala
41555_ADJM01000007_457455_458918	ENS	ala
41555_ADJM01000007_454304_455551	ENS	ala
49295_AFII01000001_556216_557280	ENS	ala
49295_AFII01000001_555905_556201	ENS	ala
49295_AFII01000001_555837_555896	ENS	ala
47281_GL638175_450635_452026	ENS	ala|gly
49281_GL384115_643_1974	ENS	ala
49283_GL384481_4925_6388	ENS	ala
66113_AFQV01000029_11566_13002	ENS	ala|gly
40023_GL622579_43931_45025	ENS	ala
40023_GL622579_344938_346419	ENS	abu|iva
34629_GG693387_91894_93318	ENS	ala
34091_ACLO01000067_35880_37307	ENS	ala|gly
31435_ACGK02000001_461876_463360	ENS	ala
64855_KB851131_159442_160908	ENS	ala
30949_GG665958_81128_82555	ENS	thr
49253_GL383169_9822_11285	ENS	ala
49253_GL383169_6677_7918	ENS	ala
31013_ACFR01000002_93435_94826	ENS	ala|gly
38783_ACRY02000003_247502_248917	ENS	ala
38755_GG730093_71522_72958	ENS	ala|gly
31479_GG700738_163048_164472	ENS	ala
37949_GG698807_24801_26222	ENS	ala
75135_AICU01000054_88066_89502	ENS	ala|gly
49439_AFUO01000001_1290576_1292012	ENS	ala|gly
34653_GL622351_883507_884901	ENS	ala|gly
34653_GL622351_871588_872832	ENS	cys
38757_GL732491_94172_95608	ENS	ala|gly
38727_GG700527_469541_470758	ENS	cys
38727_GG700527_481629_482885	ENS	cys
34627_GG693761_101486_102904	ENS	ala
31511_ACGX02000004_106204_107622	ENS	ala
31553_GG693671_23234_24652	ENS	ala
19011_AP007281_288534_289952	ENS	ala
30643_CP002844_1443829_1445247	ENS	ala
53573_AEKO01000007_651058_652485	ENS	ala|gly
53209_GL831112_1144016_1145443	ENS	ala|gly
51071_AEDQ01000017_468_1961	ENS	ala
75125_AICP01000047_24941_26368	ENS	ala|gly
53005_GL622183_524413_525849	ENS	ala|gly
75129_AICR01000121_14572_16008	ENS	ala|gly
67187_AFUF01000014_36091_37527	ENS	ala|gly
31481_GG669604_744682_746109	ENS	ala
31481_GG669604_565253_566614	ENS	ala
49263_GL383759_772014_773477	ENS	ala
49263_GL383759_768869_769891	ENS	ala
47283_GL638224_275046_276437	ENS	ala|gly
48445_GG774480_1059941_1061332	ENS	ala|gly
50515_GL397179_213224_214660	ENS	ala|gly
49243_GL384547_13032_14495	ENS	ala
49243_GL384547_16618_17640	ENS	ala
64899_KB373321_218576_220012	ENS	ala|gly
49435_AECM01000026_1699_3111	ENS	cys
43129_AECT01000004_95462_96898	ENS	ala|gly
38733_GG749269_336964_338400	ENS	ala|gly
30483_ACEO02000001_283816_285162	ENS	ala
31541_GG698160_142547_143938	ENS	ala|gly
75167_AJKQ01000006_220728_222164	ENS	ala|gly
89615_ALJN01000021_29852_31288	ENS	ala|gly
38747_GL635794_176480_177826	ENS	ala
18187_DS483526_53297_54838	ENS	ala
66111_AFQT01000032_248750_250186	ENS	ala|gly
64679_AFUB01000066_38042_39478	ENS	ala|gly
75133_AICT01000010_141457_142896	ENS	ala|gly
78577_ALKH01000002_86880_88319	ENS	ala|gly
67191_AFUT01000002_20372_21808	ENS	ala|gly
64677_AFIM01000018_434_1861	ENS	ala|gly
67193_AFUU01000003_959107_960543	ENS	ala|gly
75163_AJKP01000026_10656_12092	ENS	ala|gly
75155_AJKN01000008_131341_132768	ENS	ala|gly
197004_ATFK01000006_75948_77375	ENS	ala|gly
46427_GL636616_388633_390060	ENS	ala|gly
50521_GL397254_1706087_1707523	ENS	ala|gly
45915_FP929039_939381_940898	ENS	ala
64687_AFIL01000044_45158_46621	ENS	ala
64687_AFIL01000044_42007_43254	ENS	ala
49231_GL383158_5888_7324	ENS	ala
49231_GL383158_9228_10475	ENS	ala
19921_GG697985_380451_381842	ENS	ala|gly
49241_GL384205_119371_120834	ENS	ala
49241_GL384205_122738_123985	ENS	ala
43187_GG770435_2481891_2483318	ENS	thr
43187_GG770435_1977506_1979026	ENS	dhb|sal
49237_GL383635_123725_125188	ENS	ala
49237_GL383635_127092_128339	ENS	ala
49245_GL383100_123571_125034	ENS	ala
49245_GL383100_126938_128185	ENS	ala
49279_GL384605_772140_773603	ENS	ala
49279_GL384605_768989_770236	ENS	ala
49257_GL384452_600476_601912	ENS	ala
49257_GL384452_597325_598572	ENS	ala
31483_GG669710_639279_640706	ENS	ala
38751_GL698449_887625_889052	ENS	ala|gly
49213_GL383264_491521_492957	ENS	ala
49213_GL383264_488370_489617	ENS	ala
49255_GL383125_777328_778764	ENS	ala
49255_GL383125_774177_775424	ENS	ala
49265_GL383112_777027_778463	ENS	ala
49265_GL383112_773876_775123	ENS	ala
49209_GL384225_777067_778503	ENS	ala
49209_GL384225_773916_775163	ENS	ala
49169_GL384611_119673_121109	ENS	ala
49169_GL384611_123013_124260	ENS	ala
49221_GL383391_119763_121199	ENS	ala
49221_GL383391_123103_124350	ENS	ala
52089_JH376757_120103_121530	ENS	ala|gly
53157_GL890985_56407_57834	ENS	ala|gly
67177_AFUP01000009_108515_109942	ENS	ala|gly
49199_GL383656_5491_6927	ENS	ala
49199_GL383656_8831_10078	ENS	ala
49195_GL384218_119677_121113	ENS	ala
49195_GL384218_123017_124264	ENS	ala
49215_GL383923_119777_121213	ENS	ala
49215_GL383923_123117_124364	ENS	ala
49217_GL384508_777064_778500	ENS	ala
49217_GL384508_773913_775160	ENS	ala
53173_GL890993_523345_524772	ENS	ala|gly
46403_JH126475_89043_90473	ENS	ala
49239_GL383459_777104_778540	ENS	ala
49239_GL383459_773953_775200	ENS	ala
49233_GL383379_777627_779063	ENS	ala
49233_GL383379_774476_775723	ENS	ala
30075_DS990441_127893_128936	ENS	ala
89617_ALJO01000004_101543_102979	ENS	ala|gly
220930_NZ_AWET01000020_14450_15760	ENS	ala
50531_GL397214_1646426_1647736	ENS	ala
82073_JH806467_67255_68646	ENS	ala|gly
53191_GL831107_487131_488558	ENS	ala|gly
31515_GL379761_495467_496918	ENS	ala
31489_GG669992_652181_653608	ENS	ala
75169_AJML01000037_22254_23690	ENS	ala|gly
34637_GG704780_172375_173751	ENS	ala
40679_ADFS01000001_832527_833990	ENS	ala
40679_ADFS01000001_835894_837141	ENS	ala
53163_GL872442_90579_92006	ENS	ala|gly
53183_GL878514_72350_73777	ENS	ala|gly
65581_AFNM01000028_128756_130192	ENS	ala|gly
78579_ALKI01000011_67493_68920	ENS	ala|gly
49193_GL384071_10263_11726	ENS	ala
49193_GL384071_7112_8359	ENS	ala
50529_GL397078_4_1062	ENS	cys
49191_GL384112_13027_14490	ENS	ala
49191_GL384112_16394_17641	ENS	ala
53189_GL883609_1733306_1734733	ENS	ala|gly
53171_GL872307_2227216_2228643	ENS	ala|gly
40699_ADWQ01000037_3625_4824	ENS	cys
47263_GG773678_29570_30769	ENS	cys
47273_GG771482_39710_40909	ENS	cys
47219_GG771537_27959_29158	ENS	cys
47259_GG773505_43528_44727	ENS	cys
52085_JH594436_290775_292199	ENS	ala
40707_ADWT01000021_36359_37558	ENS	cys
53569_AFQU01000001_1230921_1232345	ENS	ala|gly
47265_GG771946_21676_22875	ENS	cys
47271_GG773954_13527_14726	ENS	cys
47205_GG772787_29664_30863	ENS	cys
47223_GL882770_71566_72765	ENS	cys
40083_GG703522_655876_657075	ENS	cys
40083_GG703522_822439_823869	ENS	dhb|sal
47213_GG772344_50933_52132	ENS	cys
32467_JH660541_1212913_1214112	ENS	cys
32467_JH660541_940869_942299	ENS	dhb|sal
47209_GG774439_1874_3073	ENS	cys
47267_GG774271_16261_17460	ENS	cys
49885_JH376746_128624_130051	ENS	ala|gly
59527_AEXR01000024_160436_161719	ENS	d-cys
40023_GL622580_373227_374510	ENS	d-cys
32465_DS999461_809254_810453	ENS	cys
75157_AJJL01000071_15020_16456	ENS	ala|gly
220932_NZ_AWEY01000032_65261_66661	ENS	ala
53165_GL872447_67581_69008	ENS	ala|gly
52087_JH594522_528277_529680	ENS	ala
53161_GL872408_1751355_1752782	ENS	ala|gly
53181_GL890990_1925872_1927299	ENS	ala|gly
89637_AWXB01000058_29995_31254	ENS	ala
40681_ADJL01000057_118796_120082	ENS	ala
40681_ADJL01000057_115652_116674	ENS	ala
33071_GL891615_21675_23159	ENS	thr
33017_GL891610_69432_70916	ENS	thr
64743_GL982555_86403_87830	ENS	ala|gly
53169_GL982563_67925_69352	ENS	ala|gly
37271_GG694018_234291_235694	ENS	ala
64735_GL982488_977948_979258	ENS	ala
64735_GL982488_1840737_1842218	ENS	ala
53175_GL872310_66679_68106	ENS	ala|gly
53179_GL872319_96292_97719	ENS	ala|gly
53159_GL872376_2190922_2192349	ENS	ala|gly
38745_KI391971_1338100_1339380	ENS	ala
53155_GL878508_66682_68109	ENS	ala|gly
53185_GL878565_498519_499946	ENS	ala|gly
49227_GL383502_10237_11406	ENS	ala
49227_GL383502_11421_11699	ENS	ala
49227_GL383502_13822_14844	ENS	ala
49693_JH591032_23198_24628	ENS	ala
52033_AEHQ01000036_78267_79673	ENS	ala
52045_AEKJ01000018_181994_183400	ENS	ala
52047_AEKK01000011_183955_185361	ENS	ala
53061_GL622333_1219618_1221024	ENS	ala
34067_ACNO01000034_2687_4078	ENS	ala
42547_GL349413_415751_417100	ENS	ala
31485_GG669902_138263_139684	ENS	ala
18979_AP008937_79196_80617	ENS	ala
52043_AEKI01000009_12433_13839	ENS	ala
37947_KI391976_573375_574799	ENS	ala|gly
52037_AEHO01000010_84226_85632	ENS	ala
60375_AEXK01000030_95334_96740	ENS	ala
52039_AEHN01000019_8983_10389	ENS	ala
52029_AEXP01000005_8754_10160	ENS	ala
52041_AEKH01000010_295005_296411	ENS	ala
40031_JH164952_791340_792746	ENS	ala
49691_JH414922_28206_29672	ENS	ala
38517_GG704700_324956_326377	ENS	ala
75127_AICQ01000039_65974_67401	ENS	ala|gly
60373_AEXJ01000017_143106_144512	ENS	ala
53195_GL622205_470745_472100	ENS	ala
40683_ADFT01000001_14547_15980	ENS	ala
42543_KN050675_592365_593798	ENS	ala
59527_AEXR01000038_2785_4233	ENS	ala
59527_AEXR01000038_51685_53157	ENS	abu|iva
40023_GL622582_265649_267097	ENS	ala
48509_GL882584_396230_397639	ENS	ala
40051_GG730083_407765_409177	ENS	ala
31487_GL379581_572651_574057	ENS	ala
38739_GL635822_6437_7774	ENS	ala
31433_GG666309_22187_23431	ENS	cys
59527_AEXR01000014_2_1171	ENS	cys
51081_AFUI01000037_44029_45273	ENS	cys
38739_GL636059_88842_90209	ENS	ala
36379_ACOZ01000014_3614_5020	ENS	ala
31505_GG693254_139637_141046	ENS	ala
30951_GG666061_6220_7452	ENS	cys
29307_GG692710_824793_826277	ENS	ala
42535_KN050667_572090_573523	ENS	ala
31203_GL531761_1864281_1865714	ENS	ala
52185_JH992922_778124_779581	ENS	ala
31495_GG670121_537580_538986	ENS	ala
50527_GL397067_1031608_1033020	ENS	ala
31451_ACLH01000018_3122_4276	ENS	ala
34619_GG700752_132977_134383	ENS	ala
221192_NZ_AWEZ01000006_20297_21769	ENS	ala
40037_JH376465_604731_605798	ENS	val
34583_ADNU01000053_27111_28580	ENS	val
52131_KB373326_689344_690831	ENS	ala
41967_GL872349_886622_887743	ENS	ala
89635_AWXD01000008_85029_86246	ENS	cys
61827_AFDH01000093_3_740	ENS	dab
61827_AFDH01000093_2913_3308	ENS	horn
51081_AFUI01000017_62975_64036	ENS	cys
31477_GG669568_110456_111871	ENS	ala
34615_ADNY01000026_9878_11284	ENS	ala
53193_GL622227_313001_313885	ENS	ala
53193_GL622227_1230758_1231648	ENS	ala
52035_AEHP01000015_9156_10163	ENS	ala
52035_AEHP01000015_8756_9124	ENS	ala
40665_ADGR01000124_1273_2688	ENS	ala
36325_GL531745_85276_86691	ENS	ala
42533_GL877792_54729_56144	ENS	ala
40003_GL635752_734808_736283	ENS	ala
40003_GL635752_650817_652352	ENS	dhb|sal
30641_GG669820_35777_37192	ENS	ala
38513_GG704607_162518_163933	ENS	ala
52105_JH932274_59202_60617	ENS	ala
37951_KI391978_163150_164565	ENS	ala
38361_GG698761_153358_154773	ENS	ala
52107_JH932290_486068_487483	ENS	ala
27821_DS996913_157946_159331	ENS	ala
29303_GG704759_25409_26794	ENS	ala
29303_GG704759_1404700_1406214	ENS	dhb|sal
29303_GG704759_1701543_1703021	ENS	ala
49619_AEAT01000091_6870_8264	ENS	ala
53001_GL872382_1235733_1237127	ENS	ala
53001_GL872382_1610910_1612226	ENS	ala
52031_AEHR01000021_9111_10163	ENS	ala
52031_AEHR01000021_8756_9103	ENS	ala
34097_ACOY01000033_42499_43899	ENS	ala
38515_GG704686_14988_16388	ENS	ala
31205_GL545251_1187127_1188527	ENS	ala
31205_GL545251_724830_726122	ENS	ala
39175_FP929047_515604_516686	ENS	ala
30023_JH414480_25286_26755	ENS	dhb|sal
61827_AFDH01000141_174_587	ENS	ala
38781_GL622607_513822_514886	ENS	ala
64749_GL982998_251317_252756	ENS	ala
64749_GL982998_102582_104030	ENS	ala
64749_GL982998_612744_614210	ENS	dhb|sal
221594_NZ_ACVN02000035_25640_27022	ENS	ala
52155_KB375282_976789_978219	ENS	ala
52155_KB375282_2264284_2265759	ENS	ala
52155_KB375282_735918_737369	ENS	dhb|sal
52155_KB375282_860498_861952	ENS	ala
78585_ALNM01000046_61725_63137	ENS	dhb|sal
49219_GL383588_31888_33282	ENS	ala
49173_GL384561_682264_683658	ENS	ala
49187_GL383323_683479_684873	ENS	ala
49165_GL383280_31889_33283	ENS	ala
49275_GL384396_683405_684799	ENS	ala
40715_GL878483_313534_314928	ENS	ala
49205_GL384462_683218_684612	ENS	ala
39413_JH376566_415077_416471	ENS	ala
169460_KE340299_1148460_1149854	ENS	ala
51069_AEDP01000009_10002_11237	ENS	cys
49263_GL383757_31870_33264	ENS	ala
49243_GL384531_682153_683547	ENS	ala
54023_AENP01000018_40238_41473	ENS	cys
34619_GG700754_1624_2979	ENS	ala
49189_GL383825_334588_335982	ENS	ala
30489_GG698598_405929_407341	ENS	dhb|sal
31433_GG666311_7408_8643	ENS	cys
40007_JH414764_543695_545185	ENS	ala
40007_JH414764_559622_561115	ENS	thr
82073_JH806532_67019_68392	ENS	ala
52157_KB375281_143382_144812	ENS	dhb|sal
52157_KB375281_422503_424035	ENS	ala
52157_KB375281_3479972_3481399	ENS	ala
52157_KB375281_1285585_1286622	ENS	ala
52157_KB375281_3273640_3275052	ENS	ala
38645_GG704744_147252_148652	ENS	ala
37953_KI411429_43570_44970	ENS	ala
78589_ALNO01000005_166649_167962	ENS	ala
31493_CM000953_280096_281496	ENS	ala
34097_ACOY01000013_246194_247546	ENS	ala
38515_GG704682_223016_224368	ENS	ala
52167_KE150314_321087_322595	ENS	ala
52169_KE150371_388193_389701	ENS	dhb|sal
34079_AEIQ01000025_40963_42384	ENS	ala
72489_KE150421_115608_117080	ENS	ala
72489_KE150421_207786_209324	ENS	dhb|sal
72489_KE150421_1680306_1681775	ENS	dhb|sal
72489_KE150421_679397_680782	ENS	dhb|sal
40003_GL635750_864887_866371	ENS	ala
40003_GL635750_790366_791841	ENS	dhb|sal
31517_GL538352_1386472_1387947	ENS	hpg|hpg2cl
34067_ACNO01000046_307018_308379	ENS	ala
34067_ACNO01000046_395730_397235	ENS	ala
34067_ACNO01000046_110573_112078	ENS	ala
34067_ACNO01000046_400711_402141	ENS	ala
40005_JH414708_215634_217082	ENS	ala
40005_JH414708_330134_331642	ENS	dhb|sal
221594_NZ_ACVN02000330_11975_12901	ENS	cys
64749_GL982999_671564_672967	ENS	ala
30753_KE161030_729228_730559	ENS	pro
34067_ACNO01000059_40775_42268	ENS	ala
64919_CM001797_1303469_1304935	ENS	ala
34067_ACNO01000064_34532_36058	ENS	ala
72489_KE150422_163274_164722	ENS	ala
18921_DS499516_15333_16793	ENS	ala
72491_KE150428_749899_751278	ENS	ala
46405_JH591187_1190466_1191830	ENS	ala
45919_FP929059_1670859_1672316	ENS	ala
42551_GL872364_557341_558807	ENS	ala
39157_FP929044_1632730_1634190	ENS	ala
169488_KE150480_1695870_1697348	ENS	dhb|sal
64903_CM001798_1707856_1709322	ENS	ala
64911_CM001796_1627776_1629242	ENS	ala
40003_GL635755_196098_197504	ENS	dhb|sal
38343_GG705059_222517_224037	ENS	dhb|sal
64749_GL982997_931258_932745	ENS	ala
64749_GL982997_1092409_1093842	ENS	dhb|sal
64923_KE332527_1071971_1073437	ENS	ala
27821_DS996911_319031_320545	ENS	dhb|sal
27821_DS996911_15520_16998	ENS	ala
64913_CM001794_799515_800981	ENS	ala
31017_ACFU01000014_42995_44458	ENS	ala
31019_ACVQ01000028_48507_49958	ENS	ala
64929_KE332519_1113252_1114718	ENS	ala
64921_KE332533_1707461_1708927	ENS	ala
38311_GG703879_624947_626335	ENS	dhb|sal
64915_CM001795_1630630_1632096	ENS	ala
64933_KB454450_88394_89860	ENS	ala
64905_KB445544_1012416_1013882	ENS	ala
38339_GG704965_502779_504299	ENS	dhb|sal
31007_ABZU01000002_303768_305339	ENS	ala
65121_GL892049_993050_994591	ENS	dhb|sal
30949_GG665952_30870_32390	ENS	dhb|sal
59521_AENT01000024_185997_187388	ENS	ala
40001_GL635726_1836968_1838401	ENS	ala
40001_GL635726_1788035_1789504	ENS	dhb|sal
61827_AFDH01000024_476_850	ENS	ala
34117_ACGB01000007_22551_23948	ENS	ala
169431_KE150449_1555709_1557106	ENS	ala
46429_GL636557_9150_10628	ENS	dhb|sal
39415_GL520218_369448_370911	ENS	ala
39415_GL520218_577241_578281	ENS	dhb|sal
39415_GL520218_164045_165067	ENS	dhb|sal
39391_JH815236_1568032_1569495	ENS	ala
39391_JH815236_1775307_1776347	ENS	dhb|sal
39391_JH815236_1363031_1364053	ENS	dhb|sal
89623_AWUR01000016_5281_6678	ENS	ala
53029_GL878519_731279_732670	ENS	ala
46377_JH992946_87504_89027	ENS	dhb|sal
52201_JH992904_4662978_4664402	ENS	ala
62345_AKGI01000013_97867_99318	ENS	ala
62349_AKGK01000058_98931_100382	ENS	ala
40007_JH414751_120734_122185	ENS	dhb|sal
64683_AGUC01000060_27876_29327	ENS	ala
86757_AKHK01000027_41011_42462	ENS	ala
31335_ACYI01000043_19806_21335	ENS	dhb|sal
28653_GG697143_114785_116200	ENS	dhb|sal
31541_GG698158_249055_250512	ENS	ala
38345_GG705131_1000649_1002190	ENS	dhb|sal
75161_AJKO01000023_2_748	ENS	ala
78559_ALJL01000024_84839_86257	ENS	ala
46405_JH591188_68333_69703	ENS	ala
62359_AKGP01000026_40476_41927	ENS	ala
62377_AKGX01000043_40517_41968	ENS	ala
49173_GL384555_5452_6474	ENS	ala
78963_JH815185_907004_908422	ENS	ala
62363_AKGR01000007_41346_42797	ENS	ala
38759_GL545255_93779_95269	ENS	ala
62381_AKGZ01000032_40783_42234	ENS	ala
62369_AKGT01000046_110603_112054	ENS	ala
62355_AKGN01000046_83695_85146	ENS	ala
64829_JH724307_2475498_2477021	ENS	dhb|sal
64829_JH724307_1423010_1424488	ENS	ala
170350_KB905466_2727214_2728737	ENS	dhb|sal
170350_KB905466_1759696_1761174	ENS	ala
34081_ACVR01000020_8383_9924	ENS	dhb|sal
34087_ACLP01000020_82039_83529	ENS	ala
34071_ADCD01000042_97545_98981	ENS	ala
62365_AKGS01000047_41057_42508	ENS	ala
82073_JH806496_11505_12956	ENS	ala
30473_ACEN01000094_12358_13809	ENS	ala
40043_JH414768_60453_61973	ENS	dhb|sal
47283_GL638200_26861_28312	ENS	ala
86755_AKHL01000037_25529_26980	ENS	ala
47281_GL638198_266596_268047	ENS	ala
86765_AKHG01000029_12868_14319	ENS	ala
86763_AKHH01000009_40963_42414	ENS	ala
86761_AKHI01000030_52064_53515	ENS	ala
62375_AKGW01000039_29706_31157	ENS	ala
62395_AKHF01000067_40997_42448	ENS	ala
86759_AKHJ01000028_41010_42461	ENS	ala
62347_AKGJ01000032_10409_11860	ENS	ala
62353_AKGM01000031_10444_11895	ENS	ala
62373_AKGV01000036_77868_79319	ENS	ala
62391_AKHE01000086_84219_85670	ENS	ala
62379_AKGY01000034_40973_42424	ENS	ala
62351_AKGL01000008_41013_42464	ENS	ala
62385_AKHB01000022_103067_104518	ENS	ala
62389_AKHD01000034_84178_85629	ENS	ala
62383_AKHA01000028_85246_86697	ENS	ala
62361_AKGQ01000050_84238_85689	ENS	ala
169489_KE332518_2267850_2269316	ENS	hpg|hpg2cl
64803_JH724086_1166299_1167777	ENS	ala
30027_EQ973490_70917_72395	ENS	ala
30027_EQ973490_1761719_1763242	ENS	dhb|sal
20523_ABJL02000007_933225_934748	ENS	dhb|sal
19659_DS544183_253038_254510	ENS	ala
62387_AKHC01000040_77894_79345	ENS	ala
30483_ACEO02000012_88590_90041	ENS	ala
42531_GL890583_647624_649030	ENS	ala
64803_JH724090_355526_357049	ENS	dhb|sal
38347_GG705213_78030_79553	ENS	dhb|sal
38747_GL635793_319052_320503	ENS	ala
64811_JH724178_68087_69610	ENS	dhb|sal
32441_JH636046_319679_321202	ENS	dhb|sal
40013_GL945047_327615_329138	ENS	dhb|sal
64817_JH724197_331385_332908	ENS	dhb|sal
64815_JH724191_75440_76963	ENS	dhb|sal
64821_JH724218_136093_137616	ENS	dhb|sal
64813_JH724181_543882_545405	ENS	dhb|sal
64813_JH724181_1223364_1224842	ENS	ala
71527_JH815491_1539838_1541361	ENS	dhb|sal
71527_JH815491_845195_846673	ENS	ala
52981_GL622296_2837701_2839107	ENS	ala
64819_JH724206_3540001_3541524	ENS	dhb|sal
64819_JH724206_2733917_2735395	ENS	ala
52155_KB375284_404238_405665	ENS	ala
52155_KB375284_843806_845218	ENS	dhb|sal
30067_DS990264_118904_120310	ENS	dhb|sal
34085_ACQV01000003_41747_43198	ENS	ala
30023_JH414486_84134_85573	ENS	dhb|sal
78571_ALJQ01000010_8335_9831	ENS	ala
