158721_AJTA01000049	k1	1
169431_KE150449	k2	1
169453_JH930438	k3	6
169453_JH930438	k4	1
169453_JH930438	k5	1
169454_JH930419	k6	1
169455_JH930422	k7	6
169455_JH930422	k8	1
169455_JH930422	k9	1
169456_JH930428	k10	1
169458_KE150457	k11	1
169459_KE340302	k12	1
169460_KE340299	k13	1
169467_JH815533	k14	1
169485_KE150467	k15	1
169487_KE150468	k16	1
169487_KE150468	k17	1
169487_KE150468	k18	1
169487_KE150472	k19	1
169487_KE150472	k20	1
169487_KE150472	k21	3
169487_KE150475	k22	2
169487_KE150475	k23	2
169488_KE150480	k24	1
169489_KE332518	k25	1
169492_KE332515	k26	1
170040_NZ_AJZR01000049	k27	1
170346_KE150486	k28	1
170347_KE150491	k29	1
170349_KE340297	k30	2
170349_KE340297	k31	3
170350_KB905466	k32	1
170350_KB905466	k33	1
170352_KB905472	k34	1
170352_KB905472	k35	1
170352_KB905473	k36	1
18057_AP009240	k37	1
18155_AAXA02000005	k38	1
18157_DS264384	k39	1
18159_DS264271	k40	1
18159_DS264283	k41	1
18161_DS996351	k42	3
18163_AAVM02000008	k43	1
18165_DS480679	k44	4
18165_DS480717	k45	1
18169_DS483518	k46	1
18173_AAXG02000055	k47	1
18175_DS499687	k48	1
18175_DS499699	k49	2
18177_ACEP01000029	k50	2
18177_ACEP01000091	k51	1
18181_GG704769	k52	1
18187_DS483526	k53	1
18193_DS264527	k54	1
18195_DS362248	k55	1
18203_DS483502	k56	1
18211_DS480320	k57	1
18211_DS480323	k58	1
18213_DS499735	k59	3
18921_DS499516	k60	1
18923_DS480349	k61	2
18979_AP008937	k62	1
19011_AP007281	k63	1
19053_AP009378	k64	1
19053_AP009378	k65	1
19659_DS544183	k66	1
197004_ATFK01000005	k67	2
197004_ATFK01000006	k68	1
19859_DS499669	k69	1
19921_GG697985	k70	1
19921_GG697986	k71	1
19921_GG697986	k72	2
19921_GG697986	k73	1
19923_ACCK01000328	k74	1
20523_ABJL02000007	k75	1
20527_DS572678	k76	1
20549_DS981517	k77	1
20549_DS981517	k78	1
20549_DS981517	k79	1
21051_ACCL02000012	k80	1
220577_NZ_AVQI01000084	k81	1
220930_NZ_AWET01000020	k82	1
220932_NZ_AWEY01000007	k83	1
220932_NZ_AWEY01000032	k84	1
221192_NZ_AWEZ01000006	k85	1
221259_NZ_AWPI01000109	k86	1
221260_NZ_AWPJ01000177	k87	1
221594_NZ_ACVN02000035	k88	1
221594_NZ_ACVN02000087	k89	1
221594_NZ_ACVN02000123	k90	2
221594_NZ_ACVN02000145	k91	3
221594_NZ_ACVN02000330	k92	1
221610_NZ_AWGW01000025	k93	1
27821_DS996911	k94	1
27821_DS996911	k95	1
27821_DS996913	k96	1
27825_DS996921	k97	1
27827_DS995511	k98	1
27831_DS995532	k99	1
28653_GG697143	k100	1
28659_DS995606	k101	4
28663_GG704864	k102	1
28665_GG730299	k103	1
28665_GG730299	k104	1
28665_GG730299	k105	1
28999_GG663519	k106	1
29299_GG705265	k107	1
29303_GG704759	k108	1
29303_GG704759	k109	1
29303_GG704759	k110	1
29307_GG692710	k111	1
30007_DS996456	k112	1
30023_JH414449	k113	1
30023_JH414480	k114	1
30023_JH414486	k115	1
30023_JH414493	k116	2
30025_GG703858	k117	1
30027_EQ973490	k118	1
30027_EQ973490	k119	1
30027_EQ973495	k120	1
30067_DS990262	k121	1
30067_DS990262	k122	1
30067_DS990264	k123	1
30067_DS990266	k124	3
30071_DS990369	k125	1
30075_DS990441	k126	1
30361_GG657556	k127	2
30371_EQ973649	k128	1
30469_ACDY02000016	k129	1
30473_ACEN01000094	k130	1
30475_ACEQ02000009	k131	1
30477_ACDX02000001	k132	1
30479_ADBE01000055	k133	1
30481_ACKO02000007	k134	1
30483_ACEO02000001	k135	1
30483_ACEO02000012	k136	1
30487_ACDZ02000014	k137	1
30489_GG698598	k138	1
30493_EQ973317	k139	1
30623_GG668923	k140	1
30627_CP003583	k141	1
30641_GG669820	k142	1
30643_CP002844	k143	1
30645_GL397173	k144	1
30753_KE161030	k145	1
30771_EQ973328	k146	1
30771_EQ973328	k147	2
30949_GG665952	k148	1
30949_GG665958	k149	1
30951_GG666061	k150	1
30953_GL379781	k151	1
30953_GL379781	k152	1
30953_GL379781	k153	1
30953_GL379783	k154	1
30955_GL542878	k155	1
30955_GL542879	k156	1
30997_ABZV01000005	k157	1
31007_ABZU01000002	k158	1
31007_ABZU01000003	k159	1
31007_ABZU01000006	k160	1
31009_ACVP01000037	k161	1
31011_ACSH02000002	k162	1
31013_ACFR01000001	k163	1
31013_ACFR01000002	k164	1
31013_ACFR01000006	k165	2
31017_ACFU01000014	k166	1
31017_ACFU01000058	k167	1
31019_ACVQ01000028	k168	1
31203_GL531761	k169	1
31205_GL545251	k170	1
31205_GL545251	k171	1
31335_ACYI01000043	k172	1
31335_ACYI01000068	k173	1
31383_CP002122	k174	1
31387_ACLQ01000034	k175	1
31405_ACVO01000001	k176	1
31415_ACOX02000002	k177	1
31433_GG666309	k178	1
31433_GG666311	k179	1
31435_ACGK02000001	k180	1
31439_GG770746	k181	1
31439_GG770750	k182	1
31441_GG770711	k183	1
31441_GG770713	k184	1
31443_GG666995	k185	1
31445_GG700813	k186	3
31445_GG700815	k187	1
31445_GG700818	k188	1
31447_GG667193	k189	1
31449_GG667521	k190	1
31451_ACLH01000018	k191	1
31451_ACLH01000032	k192	1
31451_ACLH01000048	k193	1
31457_GG668821	k194	1
31459_GG668755	k195	1
31461_GG669017	k196	1
31463_GG669062	k197	1
31465_ACLK02000003	k198	1
31467_GG669095	k199	5
31467_GG669095	k200	1
31467_GG669099	k201	1
31467_GG669118	k202	1
31477_GG669568	k203	1
31479_GG700738	k204	1
31481_GG669604	k205	1
31481_GG669604	k206	1
31483_GG669710	k207	1
31485_GG669902	k208	1
31487_GL379581	k209	1
31489_GG669992	k210	1
31491_GG700805	k211	1
31491_GG700805	k212	1
31493_CM000953	k213	1
31495_GG670121	k214	1
31497_GG692962	k215	1
31499_GL833110	k216	1
31503_GG693223	k217	1
31505_GG693254	k218	1
31507_GG693416	k219	1
31511_ACGX02000004	k220	1
31513_GG670158	k221	1
31515_GL379761	k222	1
31517_GL538352	k223	1
31517_GL538354	k224	1
31521_GG770553	k225	1
31521_GG770554	k226	1
31521_GG770554	k227	1
31521_GG770554	k228	1
31521_GG770554	k229	4
31521_GG770555	k230	11
31521_GG770555	k231	6
31521_GG770555	k232	1
31523_GG668579	k233	1
31525_CM001149	k234	4
31525_CM001149	k235	7
31525_CM001149	k236	1
31525_CM001149	k237	4
31525_CM001149	k238	4
31525_CM001149	k239	1
31525_CM001149	k240	2
31525_CM001149	k241	1
31525_CM001149	k242	1
31525_CM001149	k243	6
31525_CM001149	k244	6
31525_CM001149	k245	13
31525_CM001149	k246	1
31527_GG771051	k247	1
31533_CM000952	k248	1
31533_CM000952	k249	1
31533_CM000952	k250	2
31533_CM000952	k251	1
31539_CP002110	k252	1
31539_CP002110	k253	2
31539_CP002110	k254	1
31539_CP002110	k255	1
31541_GG698158	k256	1
31541_GG698160	k257	1
31541_GG698166	k258	2
31541_GG698166	k259	1
31543_GL538356	k260	1
31543_GL538356	k261	2
31543_GL538356	k262	1
31543_GL538356	k263	1
31545_GG696727	k264	2
31545_GG696727	k265	1
31545_GG696728	k266	1
31553_GG693671	k267	1
32433_EQ973214	k268	1
32433_EQ973215	k269	1
32433_EQ973215	k270	1
32437_EQ973175	k271	1
32437_EQ973177	k272	1
32439_EQ973356	k273	1
32439_EQ973356	k274	1
32439_EQ973362	k275	1
32441_JH636044	k276	1
32441_JH636045	k277	1
32441_JH636045	k278	1
32441_JH636046	k279	1
32445_EQ973125	k280	1
32445_EQ973126	k281	1
32451_JH114322	k282	1
32453_KI391991	k283	1
32459_GL870823	k284	2
32461_AKCB01000001	k285	1
32463_JH815271	k286	1
32465_DS999459	k287	1
32465_DS999461	k288	1
32465_DS999462	k289	5
32465_DS999473	k290	1
32467_JH660540	k291	1
32467_JH660541	k292	1
32467_JH660541	k293	1
32479_GG657999	k294	1
32491_GG661973	k295	1
32503_ACII02000001	k296	1
32503_ACII02000003	k297	1
32503_ACII02000003	k298	3
32507_GG657384	k299	1
32507_GG657387	k300	1
33017_GL891561	k301	1
33017_GL891589	k302	1
33017_GL891601	k303	1
33017_GL891610	k304	1
33017_GL891612	k305	1
33071_GL891615	k306	1
33071_GL891647	k307	1
33071_GL891695	k308	1
33071_GL891710	k309	1
33071_GL891756	k310	1
33073_GL891936	k311	1
33073_GL891944	k312	1
33073_GL891953	k313	1
33073_GL891957	k314	1
33143_GG698602	k315	1
33149_GG688422	k316	1
33149_GG688422	k317	1
33167_GG729934	k318	1
33169_GG665866	k319	1
34067_ACNO01000001	k320	1
34067_ACNO01000004	k321	1
34067_ACNO01000010	k322	1
34067_ACNO01000011	k323	1
34067_ACNO01000017	k324	1
34067_ACNO01000029	k325	3
34067_ACNO01000032	k326	3
34067_ACNO01000034	k327	1
34067_ACNO01000036	k328	5
34067_ACNO01000036	k329	5
34067_ACNO01000046	k330	1
34067_ACNO01000046	k331	1
34067_ACNO01000046	k332	2
34067_ACNO01000048	k333	9
34067_ACNO01000059	k334	1
34067_ACNO01000061	k335	1
34067_ACNO01000064	k336	1
34067_ACNO01000066	k337	3
34067_ACNO01000066	k338	1
34067_ACNO01000069	k339	1
34067_ACNO01000070	k340	1
34067_ACNO01000073	k341	1
34067_ACNO01000074	k342	1
34067_ACNO01000082	k343	4
34067_ACNO01000082	k344	7
34067_ACNO01000093	k345	2
34067_ACNO01000101	k346	1
34067_ACNO01000104	k347	1
34067_ACNO01000104	k348	4
34067_ACNO01000109	k349	1
34067_ACNO01000120	k350	1
34071_ADCD01000003	k351	1
34071_ADCD01000042	k352	1
34071_ADCD01000095	k353	1
34073_ADGQ01000050	k354	1
34073_ADGQ01000071	k355	1
34077_ADEY01000017	k356	1
34077_ADEY01000032	k357	2
34077_ADEY01000032	k358	1
34079_AEIQ01000025	k359	1
34079_AEIQ01000077	k360	1
34081_ACVR01000020	k361	1
34081_ACVR01000046	k362	1
34081_ACVR01000076	k363	1
34083_ACPZ01000027	k364	1
34083_ACPZ01000067	k365	1
34083_ACPZ01000068	k366	1
34085_ACQV01000003	k367	1
34087_ACLP01000003	k368	1
34087_ACLP01000020	k369	1
34091_ACLO01000067	k370	1
34097_ACOY01000013	k371	1
34097_ACOY01000033	k372	1
34105_ADJN01000056	k373	1
34105_ADJN01000072	k374	1
34107_ADDO01000064	k375	1
34117_ACGB01000007	k376	1
34545_CM001024	k377	1
34583_ADNU01000039	k378	1
34583_ADNU01000046	k379	1
34583_ADNU01000049	k380	1
34583_ADNU01000053	k381	1
34583_ADNU01000096	k382	1
34585_GG700685	k383	1
34587_CM000961	k384	1
34587_CM000961	k385	1
34615_ADNY01000026	k386	1
34619_GG700752	k387	1
34619_GG700754	k388	1
34627_GG693761	k389	1
34629_GG693387	k390	1
34637_GG704780	k391	1
34643_GG749255	k392	1
34643_GG749255	k393	2
34643_GG749256	k394	1
34647_GG696773	k395	1
34647_GG696774	k396	1
34647_GG696774	k397	2
34647_GG696774	k398	2
34653_GL622351	k399	2
34653_GL622352	k400	5
34653_GL622352	k401	1
34653_GL622352	k402	2
34655_GG696799	k403	1
34655_GG696800	k404	2
34655_GG696800	k405	1
34659_CP001993	k406	1
34661_GG697129	k407	1
36325_GL531745	k408	1
36379_ACOZ01000014	k409	1
37271_GG694018	k410	1
37947_KI391976	k411	1
37949_GG698807	k412	1
37951_KI391978	k413	1
37953_KI411429	k414	1
38311_GG703879	k415	1
38319_GG771296	k416	1
38329_GG703885	k417	1
38335_GG700630	k418	1
38335_GG700630	k419	1
38335_GG700630	k420	1
38335_GG700630	k421	1
38337_GG704949	k422	1
38337_GG704949	k423	2
38337_GG704949	k424	1
38337_GG704953	k425	1
38339_GG704965	k426	1
38343_GG705059	k427	1
38345_GG705131	k428	1
38345_GG705132	k429	1
38345_GG705132	k430	1
38347_GG705210	k431	1
38347_GG705211	k432	1
38347_GG705211	k433	1
38347_GG705213	k434	1
38351_GG705151	k435	1
38353_GG705228	k436	1
38353_GG705229	k437	1
38355_GG730106	k438	1
38355_GG730107	k439	1
38359_GG698738	k440	1
38359_GG698741	k441	1
38361_GG698761	k442	1
38509_GG704572	k443	1
38509_GG704575	k444	1
38509_GG704575	k445	1
38509_GG704579	k446	1
38511_KI391939	k447	1
38511_KI391939	k448	2
38511_KI391939	k449	1
38511_KI391939	k450	1
38513_GG704607	k451	1
38515_GG704682	k452	1
38515_GG704686	k453	1
38517_GG704700	k454	1
38519_KI391961	k455	1
38645_GG704744	k456	1
38727_GG700527	k457	2
38733_GG749269	k458	1
38737_GG739926	k459	1
38737_GG739928	k460	1
38737_GG739940	k461	1
38739_GL635822	k462	1
38739_GL636025	k463	1
38739_GL636030	k464	1
38739_GL636058	k465	1
38739_GL636059	k466	1
38745_KI391971	k467	1
38747_GL635793	k468	1
38747_GL635794	k469	1
38749_GL545272	k470	1
38749_GL545278	k471	1
38749_GL545278	k472	2
38751_GL698449	k473	1
38753_GL732466	k474	2
38753_GL732466	k475	1
38755_GG730093	k476	1
38757_GL732491	k477	1
38759_GL545255	k478	1
38759_GL545260	k479	1
38763_GL883582	k480	1
38767_GG775004	k481	1
38767_GG775004	k482	1
38781_GL622607	k483	1
38783_ACRY02000003	k484	1
38789_JH370351	k485	1
39147_FP929036	k486	1
39147_FP929036	k487	2
39153_FP929051	k488	2
39153_FP929051	k489	1
39157_FP929044	k490	1
39159_FP929042	k491	1
39161_FP929043	k492	1
39161_FP929043	k493	1
39167_FP929054	k494	1
39167_FP929054	k495	1
39169_FP929055	k496	1
39169_FP929055	k497	4
39169_FP929055	k498	3
39175_FP929047	k499	1
39179_FP929052	k500	1
39179_FP929052	k501	1
39181_FP929058	k502	1
39357_GL622500	k503	1
39375_JH594448	k504	3
39375_JH594448	k505	1
39379_GL945166	k506	1
39383_KE150406	k507	2
39385_JH594553	k508	1
39387_GL945255	k509	1
39387_GL945265	k510	2
39391_JH815236	k511	1
39391_JH815236	k512	1
39391_JH815236	k513	1
39391_JH815238	k514	1
39413_JH376566	k515	1
39413_JH376567	k516	2
39415_GL520218	k517	1
39415_GL520218	k518	1
39415_GL520218	k519	1
39415_GL520220	k520	1
39419_JH414691	k521	1
39743_JH376563	k522	1
39743_JH376563	k523	1
40001_GL635726	k524	1
40001_GL635726	k525	1
40001_GL635727	k526	1
40001_GL635727	k527	1
40001_GL635727	k528	2
40001_GL635727	k529	1
40001_GL635728	k530	9
40001_GL635728	k531	1
40001_GL635749	k532	1
40003_GL635750	k533	1
40003_GL635750	k534	1
40003_GL635752	k535	1
40003_GL635752	k536	1
40003_GL635753	k537	1
40003_GL635753	k538	1
40003_GL635755	k539	1
40005_JH414708	k540	1
40005_JH414708	k541	1
40005_JH414709	k542	2
40005_JH414709	k543	7
40005_JH414709	k544	2
40005_JH414710	k545	1
40005_JH414710	k546	1
40005_JH414712	k547	7
40005_JH414712	k548	2
40005_JH414713	k549	1
40007_JH414741	k550	1
40007_JH414751	k551	1
40007_JH414757	k552	1
40007_JH414764	k553	2
40009_GL622538	k554	1
40009_GL622548	k555	1
40013_GL945043	k556	1
40013_GL945046	k557	1
40013_GL945047	k558	1
40013_GL945048	k559	1
40021_JH114300	k560	7
40021_JH114301	k561	3
40023_GL622579	k562	1
40023_GL622579	k563	1
40023_GL622580	k564	1
40023_GL622581	k565	1
40023_GL622582	k566	1
40023_GL622587	k567	1
40025_JH414799	k568	1
40031_JH164952	k569	1
40033_JH164966	k570	1
40037_JH376461	k571	1
40037_JH376461	k572	2
40037_JH376465	k573	1
40037_JH376469	k574	2
40037_JH376469	k575	6
40037_JH376469	k576	3
40037_JH376471	k577	2
40037_JH376491	k578	1
40043_JH414768	k579	1
40049_GG745509	k580	1
40051_GG730083	k581	1
40083_GG703522	k582	1
40083_GG703522	k583	1
40087_GG753567	k584	1
40637_AP011548	k585	1
40665_ADGR01000124	k586	1
40673_ADFR01000016	k587	1
40679_ADFS01000001	k588	2
40681_ADJL01000057	k589	2
40683_ADFT01000001	k590	1
40685_KI391954	k591	3
40685_KI391954	k592	1
40699_ADWQ01000002	k593	1
40699_ADWQ01000012	k594	1
40699_ADWQ01000037	k595	1
40701_ADWR01000003	k596	1
40701_ADWR01000025	k597	1
40703_ADWS01000012	k598	1
40707_ADWT01000003	k599	1
40707_ADWT01000021	k600	1
40707_ADWT01000077	k601	1
40709_ADWU01000019	k602	1
40713_ADWV01000012	k603	1
40713_ADWV01000016	k604	1
40715_GL878483	k605	1
40717_GL883052	k606	1
40717_GL883075	k607	1
40721_GL878476	k608	2
40729_GL878438	k609	2
41103_KI391957	k610	1
41555_ADJM01000007	k611	2
41947_GG753600	k612	1
41947_GG753601	k613	1
41947_GG753605	k614	1
41951_GG774759	k615	1
41951_GG774761	k616	1
41961_JH114231	k617	1
41963_KE150238	k618	1
41967_GL872349	k619	1
41985_KE150242	k620	1
42247_CP001845	k621	1
42525_GG739730	k622	1
42527_GG739886	k623	1
42529_ADDR02000001	k624	7
42531_GL890583	k625	1
42533_GL877792	k626	1
42535_KN050667	k627	1
42537_GL349568	k628	1
42539_GL379574	k629	1
42541_KI391947	k630	1
42543_KN050675	k631	1
42547_GL349413	k632	1
42551_GL872364	k633	1
42555_CP001850	k634	1
42751_ADKN01000026	k635	1
42757_ADMM01000075	k636	1
42769_ADMO01000148	k637	1
42771_ADMP01000175	k638	1
42773_ADKP01000171	k639	1
43115_JH376860	k640	1
43117_JH114215	k641	1
43121_GL637673	k642	1
43129_AECT01000004	k643	1
43131_GL637704	k644	2
43187_GG770435	k645	1
43187_GG770435	k646	1
45861_FP929038	k647	1
45861_FP929038	k648	1
45915_FP929039	k649	1
45919_FP929059	k650	1
45967_FP929040	k651	1
46343_GG770409	k652	1
46343_GG770409	k653	1
46343_GG770409	k654	1
46343_GG770409	k655	1
46361_GL636579	k656	1
46377_JH992943	k657	1
46377_JH992946	k658	1
46379_JH414886	k659	1
46385_JH376421	k660	1
46385_JH376421	k661	1
46389_JH376872	k662	1
46403_JH126475	k663	1
46405_JH591187	k664	1
46405_JH591188	k665	1
46407_JH126490	k666	1
46411_GL892006	k667	1
46415_JH376939	k668	1
46423_JH594596	k669	1
46425_JH815198	k670	1
46425_JH815198	k671	1
46427_GL636616	k672	1
46429_GL636557	k673	1
46809_GL538350	k674	1
47125_GL455800	k675	1
47127_GL455769	k676	1
47129_GL454153	k677	1
47131_GL457054	k678	1
47133_GL476263	k679	1
47141_GL454684	k680	1
47143_GL454440	k681	1
47145_GL456473	k682	1
47147_GL454182	k683	1
47151_GL454391	k684	1
47153_GL454734	k685	1
47155_GL454516	k686	1
47157_GL455109	k687	1
47159_GL455459	k688	1
47161_GL454344	k689	1
47163_GL454271	k690	1
47165_GL456765	k691	1
47167_GL456418	k692	1
47169_GL456524	k693	1
47171_GL454767	k694	1
47173_GL455329	k695	1
47175_GL457112	k696	1
47177_GL455645	k697	1
47179_GL455506	k698	1
47181_GL454540	k699	1
47183_GL457170	k700	1
47185_GL454584	k701	1
47187_GL454586	k702	1
47189_GL884017	k703	1
47191_GL455622	k704	1
47193_GL455899	k705	1
47195_GL456579	k706	1
47197_GL476228	k707	1
47199_GL454927	k708	1
47201_GL456872	k709	1
47203_GL455151	k710	1
47205_GG772754	k711	1
47205_GG772787	k712	1
47207_GG772195	k713	1
47207_GG772205	k714	1
47207_GG772205	k715	1
47207_GG772291	k716	1
47207_GG772310	k717	4
47209_GG774439	k718	1
47209_GG774463	k719	1
47211_GG774357	k720	1
47211_GG774357	k721	1
47211_GG774401	k722	1
47211_GG774410	k723	4
47213_GG772344	k724	1
47213_GG772450	k725	1
47217_GG773293	k726	1
47217_GG773317	k727	1
47219_GG771537	k728	1
47219_GG771630	k729	1
47219_GG771700	k730	1
47223_GL882702	k731	1
47223_GL882770	k732	1
47225_GG772985	k733	1
47225_GG773021	k734	1
47225_GG773023	k735	4
47225_GG773033	k736	1
47225_GG773033	k737	1
47227_GG771790	k738	1
47227_GG771853	k739	1
47229_GG773475	k740	1
47229_GG773477	k741	1
47231_GG772968	k742	1
47241_GG772146	k743	1
47241_GG772164	k744	1
47257_GG773190	k745	1
47257_GG773212	k746	1
47257_GG773212	k747	6
47259_GG773505	k748	1
47259_GG773533	k749	1
47263_GG773678	k750	1
47263_GG773717	k751	1
47263_GG773725	k752	1
47265_GG771946	k753	1
47265_GG771972	k754	1
47265_GG772038	k755	1
47267_GG774210	k756	1
47267_GG774211	k757	1
47267_GG774253	k758	1
47267_GG774271	k759	1
47267_GG774275	k760	4
47269_GG772571	k761	1
47271_GG773954	k762	1
47271_GG774075	k763	1
47271_GG774118	k764	1
47273_GG771482	k765	1
47273_GG771506	k766	1
47275_GG773752	k767	1
47275_GG773821	k768	4
47275_GG773863	k769	1
47275_GG773863	k770	1
47275_GG773871	k771	1
47281_GL638170	k772	2
47281_GL638170	k773	1
47281_GL638175	k774	1
47281_GL638198	k775	1
47283_GL638200	k776	1
47283_GL638224	k777	1
47283_GL638237	k778	2
47283_GL638237	k779	1
48315_CP002843	k780	1
48445_GG774480	k781	1
48445_GG774481	k782	1
48445_GG774481	k783	2
48445_GG774481	k784	1
48447_CP002280	k785	1
48493_GL882540	k786	3
48501_JH376599	k787	1
48509_GL882584	k788	1
49161_GL383669	k789	2
49165_GL383280	k790	1
49165_GL383283	k791	2
49169_GL384611	k792	2
49171_GL383688	k793	2
49173_GL384555	k794	1
49173_GL384561	k795	1
49179_GL383364	k796	2
49181_GL384374	k797	2
49187_GL383323	k798	1
49187_GL383325	k799	2
49189_GL383825	k800	1
49189_GL383834	k801	2
49191_GL384112	k802	2
49193_GL384071	k803	2
49195_GL384218	k804	2
49197_GL383851	k805	2
49199_GL383656	k806	2
49201_GL384389	k807	2
49205_GL384462	k808	1
49205_GL384465	k809	2
49209_GL384225	k810	2
49211_GL383821	k811	2
49213_GL383264	k812	2
49215_GL383923	k813	2
49217_GL384508	k814	2
49219_GL383588	k815	1
49219_GL383596	k816	2
49221_GL383391	k817	2
49223_GL383972	k818	2
49227_GL383502	k819	3
49229_GL383465	k820	2
49231_GL383158	k821	2
49233_GL383379	k822	2
49237_GL383635	k823	2
49239_GL383459	k824	2
49241_GL384205	k825	2
49243_GL384531	k826	1
49243_GL384547	k827	2
49245_GL383100	k828	2
49247_GL383714	k829	2
49249_GL383727	k830	2
49251_GL384524	k831	2
49253_GL383169	k832	2
49255_GL383125	k833	2
49257_GL384452	k834	2
49259_GL383735	k835	2
49261_GL383701	k836	2
49263_GL383757	k837	1
49263_GL383759	k838	2
49265_GL383112	k839	2
49267_GL383245	k840	2
49269_GL383810	k841	2
49275_GL384396	k842	1
49275_GL384406	k843	2
49277_GL383213	k844	2
49279_GL384605	k845	2
49281_GL384115	k846	1
49283_GL384481	k847	1
49291_CP002734	k848	4
49291_CP002734	k849	1
49295_AFII01000001	k850	3
49435_AECM01000026	k851	1
49439_AFUO01000001	k852	1
49443_AEBA01000016	k853	1
49619_AEAT01000091	k854	1
49691_JH414922	k855	1
49693_JH591032	k856	1
49877_KE148312	k857	1
49885_JH376746	k858	1
50403_JH378889	k859	1
50513_GL405235	k860	1
50515_GL397179	k861	1
50517_GL397225	k862	1
50519_GL397128	k863	1
50521_GL397254	k864	1
50523_GL397138	k865	1
50525_GL397187	k866	1
50527_GL397067	k867	1
50529_GL397071	k868	2
50529_GL397071	k869	1
50529_GL397078	k870	1
50531_GL397214	k871	1
50533_GL397103	k872	1
50533_GL397103	k873	2
50533_GL397103	k874	1
50533_GL397103	k875	1
51069_AEDP01000009	k876	1
51069_AEDP01000047	k877	1
51071_AEDQ01000017	k878	1
51081_AFUI01000017	k879	1
51081_AFUI01000037	k880	1
51491_GL586311	k881	1
51491_GL586311	k882	1
51493_GL573160	k883	1
51495_GL833119	k884	1
52027_AEXN01000039	k885	1
52029_AEXP01000005	k886	1
52031_AEHR01000021	k887	2
52033_AEHQ01000036	k888	1
52035_AEHP01000015	k889	2
52037_AEHO01000010	k890	1
52039_AEHN01000019	k891	1
52041_AEKH01000010	k892	1
52043_AEKI01000009	k893	1
52043_AEKI01000023	k894	1
52045_AEKJ01000018	k895	1
52047_AEKK01000011	k896	1
52085_JH594435	k897	3
52085_JH594436	k898	1
52087_JH594522	k899	1
52089_JH376755	k900	2
52089_JH376757	k901	1
52105_JH932274	k902	1
52107_JH932290	k903	1
52117_KB373335	k904	1
52117_KB373336	k905	1
52117_KB373336	k906	2
52125_JH992913	k907	1
52127_KB373322	k908	2
52127_KB373322	k909	1
52127_KB373322	k910	5
52127_KB373323	k911	2
52131_KB373326	k912	1
52131_KB373328	k913	1
52133_KB373317	k914	1
52137_JH603153	k915	1
52139_JH603143	k916	1
52139_JH603143	k917	1
52139_JH603143	k918	2
52143_JH603137	k919	1
52143_JH603137	k920	1
52145_JH603146	k921	1
52145_JH603146	k922	1
52145_JH603147	k923	1
52149_AKCF01000001	k924	2
52149_AKCF01000001	k925	1
52149_AKCF01000001	k926	1
52153_JH603150	k927	2
52153_JH603150	k928	1
52153_JH603150	k929	1
52155_KB375282	k930	1
52155_KB375282	k931	1
52155_KB375282	k932	1
52155_KB375282	k933	1
52155_KB375284	k934	1
52155_KB375284	k935	1
52157_KB375281	k936	1
52157_KB375281	k937	1
52157_KB375281	k938	1
52157_KB375281	k939	1
52157_KB375281	k940	1
52159_KB375270	k941	1
52159_KB375270	k942	1
52159_KB375270	k943	1
52159_KB375270	k944	1
52159_KB375270	k945	1
52167_KE150270	k946	4
52167_KE150292	k947	1
52167_KE150295	k948	1
52167_KE150297	k949	1
52167_KE150309	k950	2
52167_KE150314	k951	1
52167_KE150318	k952	3
52167_KE150331	k953	2
52167_KE150337	k954	1
52167_KE150338	k955	1
52169_KE150349	k956	2
52169_KE150367	k957	2
52169_KE150371	k958	1
52169_KE150388	k959	1
52169_KE150391	k960	1
52169_KE150393	k961	1
52169_KE150394	k962	1
52169_KE150396	k963	1
52169_KE150397	k964	1
52169_KE150401	k965	1
52183_JH601088	k966	1
52183_JH601088	k967	1
52185_JH992922	k968	1
52187_JH815535	k969	1
52187_JH815536	k970	1
52189_KE161015	k971	1
52189_KE161016	k972	1
52191_KE340319	k973	1
52191_KE340320	k974	1
52193_JH590834	k975	1
52193_JH590834	k976	1
52195_JH590837	k977	1
52195_JH590838	k978	1
52201_JH992904	k979	1
52981_GL622296	k980	1
52989_GL636062	k981	1
52989_GL636062	k982	2
52995_GL622359	k983	1
52995_GL622359	k984	2
52995_GL622359	k985	1
52995_GL622359	k986	2
52995_GL622359	k987	3
52995_GL622359	k988	1
53001_GL872382	k989	1
53001_GL872382	k990	1
53003_GL732449	k991	1
53005_GL622183	k992	1
53023_GL872413	k993	1
53029_GL878519	k994	1
53031_GL892086	k995	1
53039_GL622241	k996	1
53041_GL872325	k997	1
53057_GL636070	k998	1
53059_GL732463	k999	1
53061_GL622333	k1000	1
53155_GL878508	k1001	1
53157_GL890985	k1002	1
53159_GL872376	k1003	1
53161_GL872408	k1004	1
53163_GL872442	k1005	1
53165_GL872447	k1006	1
53169_GL982563	k1007	1
53171_GL872307	k1008	1
53173_GL890993	k1009	1
53175_GL872310	k1010	1
53179_GL872319	k1011	1
53181_GL890990	k1012	1
53183_GL878514	k1013	1
53185_GL878565	k1014	1
53187_GL890976	k1015	4
53189_GL883609	k1016	1
53191_GL831107	k1017	1
53193_GL622227	k1018	1
53193_GL622227	k1019	1
53195_GL622205	k1020	1
53197_GL872339	k1021	1
53201_GL636091	k1022	1
53203_GL732518	k1023	1
53209_GL831112	k1024	1
53565_AEKM01000003	k1025	1
53567_AEKN01000010	k1026	1
53567_AEKN01000012	k1027	3
53569_AFQU01000001	k1028	1
53573_AEKO01000007	k1029	1
54023_AENP01000018	k1030	1
54025_AEKL01000070	k1031	1
54029_AEXS01000069	k1032	1
54029_AEXS01000159	k1033	2
59517_AENS01000005	k1034	1
59517_AENS01000031	k1035	1
59521_AENT01000024	k1036	1
59527_AEXR01000007	k1037	1
59527_AEXR01000010	k1038	1
59527_AEXR01000014	k1039	1
59527_AEXR01000024	k1040	1
59527_AEXR01000038	k1041	1
59527_AEXR01000038	k1042	1
60373_AEXJ01000017	k1043	1
60375_AEXK01000030	k1044	1
61827_AFDH01000014	k1045	1
61827_AFDH01000024	k1046	1
61827_AFDH01000030	k1047	2
61827_AFDH01000031	k1048	7
61827_AFDH01000048	k1049	1
61827_AFDH01000054	k1050	1
61827_AFDH01000056	k1051	1
61827_AFDH01000057	k1052	5
61827_AFDH01000062	k1053	1
61827_AFDH01000083	k1054	1
61827_AFDH01000088	k1055	5
61827_AFDH01000093	k1056	2
61827_AFDH01000097	k1057	1
61827_AFDH01000130	k1058	4
61827_AFDH01000132	k1059	2
61827_AFDH01000141	k1060	1
61831_AFTL01000008	k1061	1
61837_AFUS01000004	k1062	2
62345_AKGI01000003	k1063	1
62345_AKGI01000013	k1064	1
62345_AKGI01000025	k1065	2
62347_AKGJ01000029	k1066	2
62347_AKGJ01000032	k1067	1
62347_AKGJ01000036	k1068	1
62349_AKGK01000003	k1069	1
62349_AKGK01000057	k1070	2
62349_AKGK01000058	k1071	1
62351_AKGL01000008	k1072	1
62351_AKGL01000043	k1073	2
62351_AKGL01000047	k1074	1
62353_AKGM01000007	k1075	2
62353_AKGM01000009	k1076	1
62353_AKGM01000031	k1077	1
62355_AKGN01000032	k1078	1
62355_AKGN01000046	k1079	1
62355_AKGN01000047	k1080	2
62357_AKGO01000074	k1081	1
62357_AKGO01000075	k1082	2
62357_AKGO01000075	k1083	1
62359_AKGP01000012	k1084	1
62359_AKGP01000021	k1085	2
62359_AKGP01000026	k1086	1
62361_AKGQ01000039	k1087	1
62361_AKGQ01000050	k1088	1
62361_AKGQ01000051	k1089	2
62363_AKGR01000007	k1090	1
62363_AKGR01000012	k1091	2
62363_AKGR01000023	k1092	1
62365_AKGS01000039	k1093	1
62365_AKGS01000047	k1094	1
62365_AKGS01000049	k1095	2
62369_AKGT01000004	k1096	1
62369_AKGT01000046	k1097	1
62369_AKGT01000049	k1098	2
62371_AKGU01000058	k1099	1
62371_AKGU01000058	k1100	2
62371_AKGU01000065	k1101	1
62373_AKGV01000017	k1102	1
62373_AKGV01000036	k1103	1
62373_AKGV01000049	k1104	2
62375_AKGW01000036	k1105	2
62375_AKGW01000039	k1106	1
62375_AKGW01000043	k1107	1
62377_AKGX01000022	k1108	1
62377_AKGX01000030	k1109	2
62377_AKGX01000043	k1110	1
62379_AKGY01000034	k1111	1
62379_AKGY01000036	k1112	2
62379_AKGY01000044	k1113	1
62381_AKGZ01000002	k1114	1
62381_AKGZ01000032	k1115	1
62381_AKGZ01000034	k1116	2
62383_AKHA01000014	k1117	1
62383_AKHA01000028	k1118	1
62383_AKHA01000029	k1119	2
62385_AKHB01000022	k1120	1
62385_AKHB01000039	k1121	2
62385_AKHB01000045	k1122	1
62387_AKHC01000040	k1123	1
62387_AKHC01000045	k1124	1
62387_AKHC01000046	k1125	2
62389_AKHD01000034	k1126	1
62389_AKHD01000035	k1127	2
62389_AKHD01000044	k1128	1
62391_AKHE01000026	k1129	2
62391_AKHE01000035	k1130	1
62391_AKHE01000086	k1131	1
62395_AKHF01000067	k1132	1
62395_AKHF01000107	k1133	2
62395_AKHF01000110	k1134	1
64677_AFIM01000018	k1135	1
64679_AFUB01000066	k1136	1
64681_AFIN01000006	k1137	1
64683_AGUC01000015	k1138	1
64683_AGUC01000051	k1139	2
64683_AGUC01000060	k1140	1
64685_AFIK01000082	k1141	2
64687_AFIL01000044	k1142	2
64693_AFUQ01000004	k1143	1
64719_JH379529	k1144	1
64719_JH379561	k1145	1
64721_JH379174	k1146	1
64721_JH379181	k1147	1
64725_GL892032	k1148	2
64725_GL892032	k1149	1
64725_GL892032	k1150	1
64725_GL892032	k1151	1
64725_GL892032	k1152	4
64725_GL892032	k1153	2
64729_GL985622	k1154	1
64735_GL982488	k1155	1
64735_GL982488	k1156	1
64735_GL982489	k1157	1
64743_GL982553	k1158	3
64743_GL982555	k1159	1
64749_GL982997	k1160	1
64749_GL982997	k1161	1
64749_GL982998	k1162	1
64749_GL982998	k1163	1
64749_GL982998	k1164	1
64749_GL982999	k1165	1
64801_JH724080	k1166	1
64803_JH724086	k1167	1
64803_JH724087	k1168	1
64803_JH724090	k1169	1
64805_JH724113	k1170	1
64807_JH724137	k1171	1
64809_JH724153	k1172	1
64809_JH724156	k1173	1
64811_JH724173	k1174	1
64811_JH724173	k1175	1
64811_JH724174	k1176	1
64811_JH724174	k1177	1
64811_JH724178	k1178	1
64813_JH724181	k1179	1
64813_JH724181	k1180	1
64813_JH724182	k1181	1
64813_JH724182	k1182	1
64813_JH724183	k1183	1
64815_JH724188	k1184	1
64815_JH724189	k1185	1
64815_JH724189	k1186	1
64815_JH724191	k1187	1
64817_JH724193	k1188	1
64817_JH724194	k1189	1
64817_JH724197	k1190	1
64817_JH724200	k1191	1
64819_JH724206	k1192	1
64819_JH724206	k1193	1
64819_JH724208	k1194	1
64819_JH724208	k1195	1
64821_JH724215	k1196	1
64821_JH724217	k1197	1
64821_JH724217	k1198	1
64821_JH724218	k1199	1
64823_JH724314	k1200	1
64829_JH724307	k1201	1
64829_JH724307	k1202	1
64833_JH724260	k1203	1
64833_JH724260	k1204	1
64835_JH724268	k1205	1
64835_JH724269	k1206	1
64845_KB851187	k1207	1
64845_KB851189	k1208	4
64847_KB851182	k1209	1
64847_KB851182	k1210	1
64849_KB851180	k1211	1
64849_KB851180	k1212	1
64851_KB851162	k1213	4
64851_KB851174	k1214	1
64853_KB851149	k1215	4
64853_KB851155	k1216	1
64855_KB851131	k1217	1
64857_KB851122	k1218	1
64859_KB851058	k1219	1
64861_KB851107	k1220	1
64863_KB851038	k1221	1
64865_KB851048	k1222	1
64867_KB850987	k1223	1
64869_KB850970	k1224	1
64871_KB850936	k1225	1
64881_KB446646	k1226	1
64883_JH976495	k1227	1
64883_JH976496	k1228	1
64885_JH976489	k1229	1
64887_JH976471	k1230	1
64887_JH976472	k1231	1
64889_JH976465	k1232	1
64891_JH976458	k1233	1
64893_JH976527	k1234	1
64899_KB373321	k1235	1
64901_KB373314	k1236	1
64903_CM001798	k1237	1
64905_KB445544	k1238	1
64911_CM001796	k1239	1
64913_CM001794	k1240	1
64915_CM001795	k1241	1
64919_CM001797	k1242	1
64921_KE332533	k1243	1
64923_KE332527	k1244	1
64929_KE332519	k1245	1
64933_KB454450	k1246	1
65121_GL892049	k1247	1
65127_JH379511	k1248	1
65129_JH556647	k1249	1
65129_JH556650	k1250	1
65133_JH417874	k1251	1
65135_JH379297	k1252	1
65135_JH379326	k1253	1
65579_AFUK01000001	k1254	2
65581_AFNM01000028	k1255	1
65583_AFNN01000023	k1256	1
65585_AFUL01000001	k1257	1
66111_AFQT01000032	k1258	1
66113_AFQV01000029	k1259	1
66915_JH164926	k1260	1
67177_AFUP01000006	k1261	1
67177_AFUP01000009	k1262	1
67179_AFUC01000012	k1263	1
67183_AFUD01000006	k1264	1
67185_AFUE01000005	k1265	1
67187_AFUF01000014	k1266	1
67191_AFUT01000002	k1267	1
67193_AFUU01000003	k1268	1
67195_KB291729	k1269	1
67197_KB291457	k1270	1
67201_KB290820	k1271	6
67201_KB290824	k1272	1
67201_KB290831	k1273	1
67203_KB290759	k1274	1
67203_KB290773	k1275	1
67205_KB290717	k1276	1
70153_JH600015	k1277	1
71509_JH815591	k1278	3
71509_JH815591	k1279	1
71513_JH815580	k1280	1
71515_JH823256	k1281	1
71517_JH815584	k1282	1
71519_JH815589	k1283	1
71525_JH815482	k1284	1
71525_JH815482	k1285	1
71525_JH815483	k1286	1
71527_JH815491	k1287	1
71527_JH815491	k1288	1
71527_JH815492	k1289	1
71527_JH815492	k1290	1
71529_JH815524	k1291	1
71529_JH815524	k1292	1
71529_JH815525	k1293	1
71529_JH815525	k1294	1
71531_KE340309	k1295	1
72477_KE150404	k1296	1
72477_KE150404	k1297	1
72477_KE150404	k1298	1
72477_KE150404	k1299	1
72483_KE150412	k1300	4
72483_KE150412	k1301	6
72483_KE150412	k1302	2
72483_KE150412	k1303	3
72483_KE150413	k1304	7
72483_KE150413	k1305	1
72483_KE150413	k1306	5
72483_KE150413	k1307	1
72485_KE150417	k1308	1
72485_KE150418	k1309	2
72485_KE150418	k1310	1
72489_KE150421	k1311	1
72489_KE150421	k1312	1
72489_KE150421	k1313	1
72489_KE150421	k1314	1
72489_KE150422	k1315	1
72491_KE150426	k1316	1
72491_KE150426	k1317	1
72491_KE150426	k1318	1
72491_KE150426	k1319	1
72491_KE150427	k1320	1
72491_KE150427	k1321	5
72491_KE150427	k1322	1
72491_KE150428	k1323	1
72497_KB905487	k1324	1
75125_AICP01000001	k1325	1
75125_AICP01000039	k1326	2
75125_AICP01000047	k1327	1
75127_AICQ01000039	k1328	1
75129_AICR01000121	k1329	1
75131_AICS01000192	k1330	1
75133_AICT01000010	k1331	1
75135_AICU01000054	k1332	1
75141_AJMT01000036	k1333	1
75147_AJMU01000049	k1334	1
75149_AJMV01000098	k1335	1
75151_AJGH01000091	k1336	1
75155_AJKN01000004	k1337	2
75155_AJKN01000008	k1338	1
75157_AJJL01000071	k1339	1
75159_AJKE01000081	k1340	1
75161_AJKO01000023	k1341	1
75163_AJKP01000026	k1342	1
75167_AJKQ01000006	k1343	1
75169_AJML01000037	k1344	1
75171_AJMM01000003	k1345	1
75173_AJMW01000018	k1346	1
75175_AJTC01000008	k1347	1
78557_ALJJ01000007	k1348	1
78559_ALJL01000024	k1349	1
78561_AKFU01000053	k1350	1
78567_ALNJ01000072	k1351	1
78569_AJZT01000010	k1352	1
78571_ALJQ01000010	k1353	1
78571_ALJQ01000026	k1354	1
78577_ALKH01000002	k1355	1
78579_ALKI01000011	k1356	1
78583_ALNL01000035	k1357	1
78585_ALNM01000046	k1358	1
78587_ALNN01000015	k1359	1
78589_ALNO01000005	k1360	1
78589_ALNO01000007	k1361	1
78589_ALNO01000018	k1362	1
78607_AWWB01000021	k1363	1
78617_AWTE01000046	k1364	1
78619_AWTF01000019	k1365	1
78621_AWTG01000029	k1366	1
78623_AWTH01000026	k1367	1
78629_AWTK01000027	k1368	1
78631_AWTL01000018	k1369	1
78633_AWTY01000044	k1370	1
78635_AWTZ01000004	k1371	1
78637_AWUA01000027	k1372	1
78639_AWUB01000024	k1373	1
78641_AWUC01000023	k1374	1
78643_AWUD01000020	k1375	1
78897_AKFT01000128	k1376	3
78899_AKFV01000009	k1377	1
78901_AKFR01000010	k1378	1
78903_AJZR01000049	k1379	1
78909_AJJQ01000038	k1380	1
78963_JH815185	k1381	1
80239_KB291541	k1382	1
80241_KB291526	k1383	1
80243_KB291305	k1384	1
80245_KB291206	k1385	1
81957_JH805599	k1386	1
81959_JH805866	k1387	1
81961_JH806025	k1388	1
81963_JH806210	k1389	1
81965_JH806306	k1390	1
81967_JH806384	k1391	1
81969_JH806107	k1392	1
81971_JH805904	k1393	1
81973_JH805762	k1394	1
81975_JH805680	k1395	1
81977_JH805362	k1396	1
81979_JH805271	k1397	1
81981_JH805472	k1398	1
81983_JH805223	k1399	1
81985_JH805047	k1400	1
81987_JH804839	k1401	1
81989_JH804938	k1402	1
81991_JH804761	k1403	1
81993_JH804714	k1404	1
81995_JH809495	k1405	1
81997_JH811476	k1406	1
81999_JH813136	k1407	1
82001_JH813808	k1408	1
82003_JH814026	k1409	1
82005_JH814531	k1410	1
82007_JH812856	k1411	1
82009_JH812927	k1412	1
82011_JH812371	k1413	1
82015_JH812456	k1414	1
82017_JH811654	k1415	1
82019_JH812014	k1416	1
82021_JH813403	k1417	1
82023_JH813496	k1418	1
82025_JH814211	k1419	1
82027_JH813653	k1420	1
82029_JH811944	k1421	1
82031_JH811261	k1422	1
82033_JH811049	k1423	1
82035_JH809712	k1424	1
82037_JH809869	k1425	1
82039_JH811310	k1426	1
82041_JH810817	k1427	1
82043_JH810406	k1428	1
82045_JH810624	k1429	1
82047_JH810083	k1430	1
82049_JH809179	k1431	1
82051_JH809101	k1432	1
82053_JH808826	k1433	1
82055_JH808431	k1434	1
82057_JH808060	k1435	1
82059_JH807807	k1436	1
82061_JH808673	k1437	1
82063_JH807715	k1438	1
82065_JH807512	k1439	1
82067_JH807139	k1440	1
82069_JH807054	k1441	1
82071_JH806692	k1442	1
82073_JH806467	k1443	1
82073_JH806468	k1444	2
82073_JH806496	k1445	1
82073_JH806532	k1446	1
86755_AKHL01000008	k1447	1
86755_AKHL01000037	k1448	1
86755_AKHL01000039	k1449	2
86757_AKHK01000007	k1450	1
86757_AKHK01000027	k1451	1
86757_AKHK01000030	k1452	2
86759_AKHJ01000009	k1453	1
86759_AKHJ01000028	k1454	1
86759_AKHJ01000035	k1455	2
86761_AKHI01000008	k1456	1
86761_AKHI01000028	k1457	2
86761_AKHI01000030	k1458	1
86763_AKHH01000009	k1459	1
86763_AKHH01000014	k1460	2
86763_AKHH01000028	k1461	1
86765_AKHG01000010	k1462	1
86765_AKHG01000023	k1463	2
86765_AKHG01000029	k1464	1
89165_KB371124	k1465	1
89167_KB371169	k1466	1
89171_KB371230	k1467	1
89173_KB371259	k1468	1
89175_KB371357	k1469	1
89177_KB371478	k1470	1
89179_KB371509	k1471	1
89181_KB371585	k1472	1
89183_KB372113	k1473	1
89185_KB371816	k1474	1
89187_KB371854	k1475	1
89189_KB371984	k1476	1
89191_KB372029	k1477	1
89193_KB742158	k1478	1
89195_KB742117	k1479	1
89197_KB742374	k1480	1
89199_KB372212	k1481	1
89201_KB741938	k1482	1
89203_KB372439	k1483	1
89205_KB372573	k1484	1
89207_KB372762	k1485	1
89615_ALJN01000021	k1486	1
89617_ALJO01000004	k1487	1
89623_AWUR01000016	k1488	1
89627_AWUP01000021	k1489	1
89635_AWXD01000007	k1490	1
89635_AWXD01000008	k1491	1
89637_AWXB01000058	k1492	1
89643_AZIR01000056	k1493	1
89653_AZKM01000008	k1494	1
89653_AZKM01000029	k1495	1
